Gene	Transcript HGNC	Transcript	Variant	Chr	Coordinate	Type	Genotype	Filters	Quality	Consequence	HGVSc	HGVSp	Conservation Score	ClinVar Significance	Classification	Allele Freq	Allele Freq Eas	Alt Variant Freq	dbSNP ID	Read Depth	Alt Read Depth	Allelic Depths	Num Transcripts	Canonical	Sift	PolyPhen	Ancestral Allele	Inherited From	Allele Freq Global Minor	Global Minor Allele	Allele Freq Amr	Allele Freq Sas	Allele Freq Af	Allele Freq Eur	EVS Freq All	ExAC Coverage	ExAC Samples	ExAC Freq All	ExAC Freq Afr	ExAC Freq Amr	ExAC Freq Eas	ExAC Freq Sas	ExAC Freq Fin	ExAC Freq Nfe	ExAC Freq Other	EVS Coverage	EVS Samples	ClinVar Alleles	ClinVar Allele Type	ClinVar Disease Name	ClinVar Accession	ClinVar MedGen	ClinVar OMIM	ClinVar Orphanet	ClinVar GeneReviews	ClinVar SnoMedCt ID	Regulatory Feature	
PEX10			C>C/T	1	2337032	snv	het	PASS	48.6				0			0	0	53.33		45	24	21,24	0						0		0	0	0	0	0	0	0	0	0	0	0	0	0	0	0	0	0											
PEX10			T>C/C	1	2340200	snv	hom	PASS	245.64				0			0	0	100		66	66	0,66	0						0		0	0	0	0	0	0	0	0	0	0	0	0	0	0	0	0	0											
C1ORF167,MTHFR			G>GGAA/GGAA	1	11847334	insertion	hom	PASS	86.13				0			0	0	100		13	13	0,13	0						0		0	0	0	0	0	0	0	0	0	0	0	0	0	0	0	0	0											
C1ORF167,MTHFR			A>G/G	1	11848879	snv	hom	PASS	134.56				0			0	0	100		30	30	0,30	0						0		0	0	0	0	0	0	0	0	0	0	0	0	0	0	0	0	0											
C1ORF167,MTHFR			A>G/G	1	11849447	snv	hom	PASS	332.46				0			0	0	100		95	95	0,95	0						0		0	0	0	0	0	0	0	0	0	0	0	0	0	0	0	0	0											
MTHFR			G>A/A	1	11854457	snv	hom	PASS	446.36				0			0	0	100		133	133	0,133	0						0		0	0	0	0	0	0	0	0	0	0	0	0	0	0	0	0	0											
MTHFR			G>G/A	1	11856378	snv	het	PASS	41.82				0			0	0	34.78		92	32	60,32	0						0		0	0	0	0	0	0	0	0	0	0	0	0	0	0	0	0	0											
SDHB			G>T/T	1	17380497	snv	hom	PASS	401.69				0			0	0	100		118	118	0,118	0						0		0	0	0	0	0	0	0	0	0	0	0	0	0	0	0	0	0											
HMGCL			T>C/C	1	24134721	snv	hom	PASS	335.46				0			0	0	100		96	96	0,96	0						0		0	0	0	0	0	0	0	0	0	0	0	0	0	0	0	0	0											
FUCA1			T>T/C	1	24180962	snv	het	PASS	40.16				0			0	0	33.87		124	42	82,42	0						0		0	0	0	0	0	0	0	0	0	0	0	0	0	0	0	0	0											
RNF220			A>A/ACTGCTG	1	44871049	insertion	het	PASS	50				0			0	0	50		34	17	17,17	0						0		0	0	0	0	0	0	0	0	0	0	0	0	0	0	0	0	0											
MMACHC			G>G/GTTTTT	1	45975088	insertion	het	PASS	47.68				0			0	0	38.89		18	7	11,7	0						0		0	0	0	0	0	0	0	0	0	0	0	0	0	0	0	0	0											
DPYD			A>A/G	1	98039541	snv	het	PASS	41.23				0			0	0	34.25		73	25	48,25	0						0		0	0	0	0	0	0	0	0	0	0	0	0	0	0	0	0	0											
DPYD			G>A/A	1	98348885	snv	hom	PASS	313.93				0			0	0	100		89	89	0,89	0						0		0	0	0	0	0	0	0	0	0	0	0	0	0	0	0	0	0											
AP4B1-AS1,AP4B1			A>A/G	1	114438951	snv	het	PASS	50				0			0	0	50		106	53	53,53	0						0		0	0	0	0	0	0	0	0	0	0	0	0	0	0	0	0	0											
AP4B1-AS1,AP4B1			C>C/G	1	114443035	snv	het	DRAGENSnpHardQUAL	7.31				0			0	0	12.5		32	4	28,4	0						0		0	0	0	0	0	0	0	0	0	0	0	0	0	0	0	0	0											
AP4B1			G>G/A	1	114447565	snv	het	PASS	49.69				0			0	0	42.86		7	3	4,3	0						0		0	0	0	0	0	0	0	0	0	0	0	0	0	0	0	0	0											
NOTCH2			T>T/C	1	120572547	snv	het	PASS	34.15				0			0	0	38.46		13	5	8,5	0						0		0	0	0	0	0	0	0	0	0	0	0	0	0	0	0	0	0											
NOTCH2			C>C/T	1	120572572	snv	het	PASS	30.25				0			0	0	45.83		24	11	13,11	0						0		0	0	0	0	0	0	0	0	0	0	0	0	0	0	0	0	0											
NOTCH2			G>G/C	1	120611964	snv	het	PASS	43.76				0			0	0	41.55		142	59	83,59	0						0		0	0	0	0	0	0	0	0	0	0	0	0	0	0	0	0	0											
NOTCH2			G>G/A	1	120612006	snv	het	PASS	33.81				0			0	0	31.93		166	53	113,53	0						0		0	0	0	0	0	0	0	0	0	0	0	0	0	0	0	0	0											
NOTCH2			T>T/TCCTCCGCCG	1	120612040	insertion	het	PASS	36.86				0			0	0	21.67		120	26	94,26	0						0		0	0	0	0	0	0	0	0	0	0	0	0	0	0	0	0	0											
NOTCH2			C>C/T	1	120612168	snv	het	DRAGENSnpHardQUAL	3.8				0			0	0	15.52		58	9	49,9	0						0		0	0	0	0	0	0	0	0	0	0	0	0	0	0	0	0	0											
NOTCH2			C>C/G	1	120612194	snv	het	DRAGENSnpHardQUAL	3.35				0			0	0	19.51		41	8	33,8	0						0		0	0	0	0	0	0	0	0	0	0	0	0	0	0	0	0	0											
NOTCH2			A>A/G	1	120612265	snv	het	PASS	13.78				0			0	0	46.15		26	12	14,12	0						0		0	0	0	0	0	0	0	0	0	0	0	0	0	0	0	0	0											
ADAR			C>C/T	1	154557685	snv	het	PASS	46.8				0			0	0	40.38		156	63	93,63	0						0		0	0	0	0	0	0	0	0	0	0	0	0	0	0	0	0	0											
ADAR			T>C/C	1	154573967	snv	hom	PASS	347.97				0			0	0	100		100	100	0,100	0						0		0	0	0	0	0	0	0	0	0	0	0	0	0	0	0	0	0											
ADAR			T>C/C	1	154574820	snv	hom	PASS	95.16				0			0	0	100		16	16	0,16	0						0		0	0	0	0	0	0	0	0	0	0	0	0	0	0	0	0	0											
ADAR			C>T/T	1	154575040	snv	hom	PASS	200.49				0			0	0	100		51	51	0,51	0						0		0	0	0	0	0	0	0	0	0	0	0	0	0	0	0	0	0											
ADAR			C>C/A	1	154580458	snv	het	PASS	48.7				0			0	0	43.79		169	74	95,74	0						0		0	0	0	0	0	0	0	0	0	0	0	0	0	0	0	0	0											
ADAR			A>G/G	1	154600372	snv	hom	PASS	275.74				0			0	0	100		76	76	0,76	0						0		0	0	0	0	0	0	0	0	0	0	0	0	0	0	0	0	0											
YY1AP1,DAP3			T>T/C	1	155658085	snv	het	PASS	49.07				0			0	0	44.12		34	15	19,15	0						0		0	0	0	0	0	0	0	0	0	0	0	0	0	0	0	0	0											
YY1AP1,DAP3			T>T/C	1	155658341	snv	het	PASS	50				0			0	0	58.97		39	23	16,23	0						0		0	0	0	0	0	0	0	0	0	0	0	0	0	0	0	0	0											
NAXE			G>C/C	1	156561651	snv	hom	PASS	233.84				0			0	0	100		63	63	0,63	0						0		0	0	0	0	0	0	0	0	0	0	0	0	0	0	0	0	0											
NAXE			G>A/A	1	156562008	snv	hom	PASS	522.53				0			0	0	100		158	158	0,158	0						0		0	0	0	0	0	0	0	0	0	0	0	0	0	0	0	0	0											
NAXE			G>A/A	1	156562143	snv	hom	PASS	266.25				0			0	0	100		73	73	0,73	0						0		0	0	0	0	0	0	0	0	0	0	0	0	0	0	0	0	0											
NAXE			A>C/C	1	156563726	snv	hom	PASS	308.38				0			0	0	100		87	87	0,87	0						0		0	0	0	0	0	0	0	0	0	0	0	0	0	0	0	0	0											
NAXE			G>A/A	1	156563813	snv	hom	PASS	387.1				0			0	0	100		113	113	0,113	0						0		0	0	0	0	0	0	0	0	0	0	0	0	0	0	0	0	0											
NAXE			C>T/T	1	156563852	snv	hom	PASS	260.91				0			0	0	100		72	72	0,72	0						0		0	0	0	0	0	0	0	0	0	0	0	0	0	0	0	0	0											
NAXE			T>C/C	1	156563898	snv	hom	PASS	104.01				0			0	0	100		25	25	0,25	0						0		0	0	0	0	0	0	0	0	0	0	0	0	0	0	0	0	0											
NAXE			C>G/G	1	156563992	snv	hom	PASS	69.05				0			0	0	100		11	11	0,11	0						0		0	0	0	0	0	0	0	0	0	0	0	0	0	0	0	0	0											
ADAMTS4,NDUFS2			C>C/T	1	161168004	snv	het	PASS	49.67				0			0	0	46.94		98	46	52,46	0						0		0	0	0	0	0	0	0	0	0	0	0	0	0	0	0	0	0											
NDUFS2			C>C/CTG	1	161184059	insertion	het	PASS	49.29				0			0	0	39.39		33	13	20,13	0						0		0	0	0	0	0	0	0	0	0	0	0	0	0	0	0	0	0											
SERPINC1			T>T/C	1	173878832	snv	het	PASS	50				0			0	0	58.7		46	27	19,27	0						0		0	0	0	0	0	0	0	0	0	0	0	0	0	0	0	0	0											
SERPINC1			T>T/C	1	173878862	snv	het	PASS	50				0			0	0	50		70	35	35,35	0						0		0	0	0	0	0	0	0	0	0	0	0	0	0	0	0	0	0											
EPRS			C>C/T	1	220142070	snv	het	PASS	21.75				0			0	0	28.57		7	2	5,2	0						0		0	0	0	0	0	0	0	0	0	0	0	0	0	0	0	0	0											
EPRS			C>C/T	1	220154768	snv	het	PASS	30.84				0			0	0	22.22		27	6	21,6	0						0		0	0	0	0	0	0	0	0	0	0	0	0	0	0	0	0	0											
EPRS			T>TA/TA	1	220178717	insertion	hom	PASS	116.15				0			0	0	100		23	23	0,23	0						0		0	0	0	0	0	0	0	0	0	0	0	0	0	0	0	0	0											
EPRS			G>T/T	1	220197625	snv	hom	PASS	113.21				0			0	0	100		22	22	0,22	0						0		0	0	0	0	0	0	0	0	0	0	0	0	0	0	0	0	0											
EPRS			C>T/T	1	220207017	snv	hom	PASS	203.51				0			0	0	100		52	52	0,52	0						0		0	0	0	0	0	0	0	0	0	0	0	0	0	0	0	0	0											
TMEM63A			C>C/T	1	226040404	snv	het	PASS	37.96				0			0	0	31.82		66	21	45,21	0						0		0	0	0	0	0	0	0	0	0	0	0	0	0	0	0	0	0											
PYCR2			C>C/T	1	226108200	snv	het	PASS	37.22				0			0	0	45.45		33	15	18,15	0						0		0	0	0	0	0	0	0	0	0	0	0	0	0	0	0	0	0											
PSEN2			T>C/C	1	227069677	snv	hom	PASS	428.78				0			0	0	100		127	127	0,127	0						0		0	0	0	0	0	0	0	0	0	0	0	0	0	0	0	0	0											
PSEN2			C>T/T	1	227069737	snv	hom	PASS	270.65				0			0	0	100		76	76	0,76	0						0		0	0	0	0	0	0	0	0	0	0	0	0	0	0	0	0	0											
PSEN2			C>T/T	1	227071525	snv	hom	PASS	474.37				0			0	0	100		142	142	0,142	0						0		0	0	0	0	0	0	0	0	0	0	0	0	0	0	0	0	0											
IBA57			G>G/C	1	228353651	snv	het	PASS	45.72				0			0	0	30.77		13	4	9,4	0						0		0	0	0	0	0	0	0	0	0	0	0	0	0	0	0	0	0											
EIF2AK2			A>AT/AT	2	37373982	insertion	hom	PASS	197.48				0			0	0	100		50	50	0,50	0						0		0	0	0	0	0	0	0	0	0	0	0	0	0	0	0	0	0											
DGUOK,DGUOK-AS1			A>A/T	2	74185876	snv	het	PASS	37.83				0			0	0	31.51		73	23	50,23	0						0		0	0	0	0	0	0	0	0	0	0	0	0	0	0	0	0	0											
RPIA			A>A/G	2	89049517	snv	het	PASS	49.89				0			0	0	48.41		126	61	65,61	0						0		0	0	0	0	0	0	0	0	0	0	0	0	0	0	0	0	0											
PROC			A>T/T	2	128176040	snv	hom	PASS	251.65				0			0	0	100		68	68	0,68	0						0		0	0	0	0	0	0	0	0	0	0	0	0	0	0	0	0	0											
PROC			G>T/T	2	128180872	snv	hom	PASS	191.46				0			0	0	100		48	48	0,48	0						0		0	0	0	0	0	0	0	0	0	0	0	0	0	0	0	0	0											
PROC			T>C/C	2	128184770	snv	hom	PASS	322.96				0			0	0	100		92	92	0,92	0						0		0	0	0	0	0	0	0	0	0	0	0	0	0	0	0	0	0											
DARS			C>CTTTTTTTTTTTTT/CTTTTTTTTT	2	136664812	insertion	het	PASS	120.31				0			0	0	35.71		14	5	0,9,5	0						0		0	0	0	0	0	0	0	0	0	0	0	0	0	0	0	0	0											
DARS			C>CTTTTTTTTT/CTTTTTTTTTTTTT	2	136664812	insertion	het	PASS	120.31				0			0	0	35.71		14	9	0,9,5	0						0		0	0	0	0	0	0	0	0	0	0	0	0	0	0	0	0	0											
DARS,DARS-AS1			G>C/C	2	136743143	snv	hom	PASS	129.79				0			0	0	100		29	29	0,29	0						0		0	0	0	0	0	0	0	0	0	0	0	0	0	0	0	0	0											
IFIH1			T>T/C	2	163128824	snv	het	PASS	50				0			0	0	52.31		65	34	31,34	0						0		0	0	0	0	0	0	0	0	0	0	0	0	0	0	0	0	0											
DCAF17			C>T/T	2	172339964	snv	hom	PASS	308.38				0			0	0	100		87	87	0,87	0						0		0	0	0	0	0	0	0	0	0	0	0	0	0	0	0	0	0											
SLC25A12			G>A/A	2	172693780	snv	hom	PASS	278.74				0			0	0	100		77	77	0,77	0						0		0	0	0	0	0	0	0	0	0	0	0	0	0	0	0	0	0											
SLC25A12			A>G/G	2	172725301	snv	hom	PASS	293.79				0			0	0	100		82	82	0,82	0						0		0	0	0	0	0	0	0	0	0	0	0	0	0	0	0	0	0											
NFE2L2			CA>CA/C	2	178098087	deletion	het	PASS	42.19				0			0	0	34.78		46	16	30,16	0						0		0	0	0	0	0	0	0	0	0	0	0	0	0	0	0	0	0											
COL3A1			T>G/G	2	189875421	snv	hom	PASS	410.71				0			0	0	100		121	121	0,121	0						0		0	0	0	0	0	0	0	0	0	0	0	0	0	0	0	0	0											
HSPD1			T>C/C	2	198362018	snv	hom	PASS	564.15				0			0	0	100		173	173	0,173	0						0		0	0	0	0	0	0	0	0	0	0	0	0	0	0	0	0	0											
HSPD1			A>A/G	2	198363504	snv	het	PASS	48.33				0			0	0	43.48		161	70	91,70	0						0		0	0	0	0	0	0	0	0	0	0	0	0	0	0	0	0	0											
C2ORF69			T>T/G	2	200776353	snv	het	PASS	47.81				0			0	0	41.96		112	47	65,47	0						0		0	0	0	0	0	0	0	0	0	0	0	0	0	0	0	0	0											
NDUFS1			TAAA>TAAA/T	2	207014657	deletion	het	PASS	48.53				0			0	0	37.8		82	31	51,31	0						0		0	0	0	0	0	0	0	0	0	0	0	0	0	0	0	0	0											
CYP27A1			C>C/T	2	219678877	snv	het	PASS	50				0			0	0	51.28		156	80	76,80	0						0		0	0	0	0	0	0	0	0	0	0	0	0	0	0	0	0	0											
SUMF1			A>G/G	3	4403767	snv	hom	PASS	154.89				0			0	0	100		36	36	0,36	0						0		0	0	0	0	0	0	0	0	0	0	0	0	0	0	0	0	0											
SUMF1			A>G/G	3	4403837	snv	hom	PASS	347.5				0			0	0	100		100	100	0,100	0						0		0	0	0	0	0	0	0	0	0	0	0	0	0	0	0	0	0											
GLB1,TMPPE			T>T/C	3	33055688	snv	het	PASS	49.74				0			0	0	47.14		210	99	111,99	0						0		0	0	0	0	0	0	0	0	0	0	0	0	0	0	0	0	0											
GLB1,TMPPE			A>G/G	3	33055721	snv	hom	PASS	515.55				0			0	0	100		156	156	0,156	0						0		0	0	0	0	0	0	0	0	0	0	0	0	0	0	0	0	0											
GLB1,TMPPE			G>G/A	3	33059981	snv	het	PASS	50				0			0	0	50.64		233	118	115,118	0						0		0	0	0	0	0	0	0	0	0	0	0	0	0	0	0	0	0											
GLB1,TMPPE			A>A/G	3	33063050	snv	het	PASS	36.37				0			0	0	30.62		160	49	111,49	0						0		0	0	0	0	0	0	0	0	0	0	0	0	0	0	0	0	0											
GLB1,TMPPE			G>G/A	3	33118631	snv	het	PASS	50				0			0	0	50.91		55	28	27,28	0						0		0	0	0	0	0	0	0	0	0	0	0	0	0	0	0	0	0											
SCN5A			A>G/G	3	38592406	snv	hom	PASS	896.9				0			0	0	100		283	283	0,283	0						0		0	0	0	0	0	0	0	0	0	0	0	0	0	0	0	0	0											
SCN5A			T>C/C	3	38622467	snv	hom	PASS	301.91				0			0	0	100		85	85	0,85	0						0		0	0	0	0	0	0	0	0	0	0	0	0	0	0	0	0	0											
SCN5A			T>T/C	3	38645420	snv	het	PASS	49.59				0			0	0	46.67		270	126	144,126	0						0		0	0	0	0	0	0	0	0	0	0	0	0	0	0	0	0	0											
SCN5A			G>G/T	3	38647642	snv	het	PASS	50				0			0	0	52.43		103	54	49,54	0						0		0	0	0	0	0	0	0	0	0	0	0	0	0	0	0	0	0											
SCN5A			T>C/C	3	38674712	snv	hom	PASS	738.3				0			0	0	100		230	230	0,230	0						0		0	0	0	0	0	0	0	0	0	0	0	0	0	0	0	0	0											
LARS2,LARS2-AS1			T>T/C	3	45527218	snv	het	PASS	45.34				0			0	0	38.33		60	23	37,23	0						0		0	0	0	0	0	0	0	0	0	0	0	0	0	0	0	0	0											
LARS2,LARS2-AS1			G>G/A	3	45533224	snv	het	PASS	50				0			0	0	52.11		71	37	34,37	0						0		0	0	0	0	0	0	0	0	0	0	0	0	0	0	0	0	0											
LARS2,LARS2-AS1			T>T/C	3	45542083	snv	het	PASS	42.15				0			0	0	52.94		34	18	16,18	0						0		0	0	0	0	0	0	0	0	0	0	0	0	0	0	0	0	0											
LARS2			T>C/C	3	45559519	snv	hom	PASS	275.28				0			0	0	100		76	76	0,76	0						0		0	0	0	0	0	0	0	0	0	0	0	0	0	0	0	0	0											
LARS2			A>G/G	3	45565554	snv	hom	PASS	254.67				0			0	0	100		69	69	0,69	0						0		0	0	0	0	0	0	0	0	0	0	0	0	0	0	0	0	0											
GBE1			A>A/C	3	81640290	snv	het	PASS	48.91				0			0	0	44.12		68	30	38,30	0						0		0	0	0	0	0	0	0	0	0	0	0	0	0	0	0	0	0											
GBE1			T>C/C	3	81643167	snv	hom	PASS	226.2				0			0	0	100		60	60	0,60	0						0		0	0	0	0	0	0	0	0	0	0	0	0	0	0	0	0	0											
GBE1			G>G/T	3	81810551	snv	het	PASS	42.02				0			0	0	35		160	56	104,56	0						0		0	0	0	0	0	0	0	0	0	0	0	0	0	0	0	0	0											
GBE1			A>AG/AG	3	81810702	insertion	hom	PASS	401.83				0			0	0	100		118	118	0,118	0						0		0	0	0	0	0	0	0	0	0	0	0	0	0	0	0	0	0											
PROS1			T>T/C	3	93593119	snv	het	PASS	33.8				0			0	0	30.86		81	25	56,25	0						0		0	0	0	0	0	0	0	0	0	0	0	0	0	0	0	0	0											
ACAD9			CGT>CGT/C	3	128598469	deletion	het	PASS	49.87				0			0	0	48.15		108	52	56,52	0						0		0	0	0	0	0	0	0	0	0	0	0	0	0	0	0	0	0											
ACAD9			C>C/T	3	128614133	snv	het	PASS	27.15				0			0	0	25.22		115	29	86,29	0						0		0	0	0	0	0	0	0	0	0	0	0	0	0	0	0	0	0											
ACAD9			A>A/C	3	128614185	snv	het	PASS	42.92				0			0	0	35.8		162	58	104,58	0						0		0	0	0	0	0	0	0	0	0	0	0	0	0	0	0	0	0											
ACAD9			A>A/G	3	128627021	snv	het	PASS	49.48				0			0	0	46.15		130	60	70,60	0						0		0	0	0	0	0	0	0	0	0	0	0	0	0	0	0	0	0											
ACAD9			GGA>GGA/G	3	128631672	deletion	het	PASS	47.8				0			0	0	42.13		216	91	125,91	0						0		0	0	0	0	0	0	0	0	0	0	0	0	0	0	0	0	0											
PCCB			T>T/C	3	136002809	snv	het	PASS	28.97				0			0	0	26.15		65	17	48,17	0						0		0	0	0	0	0	0	0	0	0	0	0	0	0	0	0	0	0											
GFM1			C>C/T	3	158362391	snv	het	PASS	50				0			0	0	53.12		64	34	30,34	0						0		0	0	0	0	0	0	0	0	0	0	0	0	0	0	0	0	0											
GFM1			T>C/C	3	158362441	snv	hom	PASS	401.68				0			0	0	100		118	118	0,118	0						0		0	0	0	0	0	0	0	0	0	0	0	0	0	0	0	0	0											
GFM1			G>A/A	3	158366900	snv	hom	PASS	217.17				0			0	0	100		57	57	0,57	0						0		0	0	0	0	0	0	0	0	0	0	0	0	0	0	0	0	0											
GFM1			C>C/T	3	158367837	snv	het	PASS	23.8				0			0	0	23.17		82	19	63,19	0						0		0	0	0	0	0	0	0	0	0	0	0	0	0	0	0	0	0											
GFM1,LXN			C>C/A	3	158384883	snv	het	PASS	49.88				0			0	0	48		25	12	13,12	0						0		0	0	0	0	0	0	0	0	0	0	0	0	0	0	0	0	0											
GFM1,LXN			T>C/C	3	158388780	snv	hom	PASS	71.11				0			0	0	100		8	8	0,8	0						0		0	0	0	0	0	0	0	0	0	0	0	0	0	0	0	0	0											
GFM1,LXN			A>A/T	3	158390395	snv	het	PASS	44.12				0			0	0	33.33		9	3	6,3	0						0		0	0	0	0	0	0	0	0	0	0	0	0	0	0	0	0	0											
GFM1			C>C/T	3	158409262	snv	het	PASS	44.64				0			0	0	38.53		109	42	67,42	0						0		0	0	0	0	0	0	0	0	0	0	0	0	0	0	0	0	0											
CLCN2			C>C/T	3	184073551	snv	het	PASS	45.7				0			0	0	39.02		164	64	100,64	0						0		0	0	0	0	0	0	0	0	0	0	0	0	0	0	0	0	0											
CLCN2			A>A/G	3	184075047	snv	het	PASS	48.25				0			0	0	42.93		191	82	109,82	0						0		0	0	0	0	0	0	0	0	0	0	0	0	0	0	0	0	0											
COQ2			A>G/G	4	84191031	snv	hom	PASS	262.78				0			0	0	100		72	72	0,72	0						0		0	0	0	0	0	0	0	0	0	0	0	0	0	0	0	0	0											
COQ2			C>A/A	4	84205872	snv	hom	PASS	275.26				0			0	0	100		76	76	0,76	0						0		0	0	0	0	0	0	0	0	0	0	0	0	0	0	0	0	0											
AIMP1			C>C/A	4	107246136	snv	het	PASS	50				0			0	0	51.61		31	16	15,16	0						0		0	0	0	0	0	0	0	0	0	0	0	0	0	0	0	0	0											
AIMP1			A>A/G	4	107268949	snv	het	PASS	49.64				0			0	0	45.83		24	11	13,11	0						0		0	0	0	0	0	0	0	0	0	0	0	0	0	0	0	0	0											
GUCY1A3			A>G/G	4	156632391	snv	hom	PASS	132.15				0			0	0	100		29	29	0,29	0						0		0	0	0	0	0	0	0	0	0	0	0	0	0	0	0	0	0											
GUCY1A3			T>A/A	4	156643176	snv	hom	PASS	217.62				0			0	0	100		57	57	0,57	0						0		0	0	0	0	0	0	0	0	0	0	0	0	0	0	0	0	0											
ETFDH			C>T/T	4	159601676	snv	hom	PASS	257.22				0			0	0	100		70	70	0,70	0						0		0	0	0	0	0	0	0	0	0	0	0	0	0	0	0	0	0											
ETFDH			A>A/C	4	159629814	snv	het	PASS	38.54				0			0	0	40.62		32	13	19,13	0						0		0	0	0	0	0	0	0	0	0	0	0	0	0	0	0	0	0											
SDHA			T>T/C	5	218356	snv	het	PASS	50				0			0	0	50		10	5	5,5	0						0		0	0	0	0	0	0	0	0	0	0	0	0	0	0	0	0	0											
SDHA			T>T/TC	5	218381	insertion	het	PASS	47.5				0			0	0	35.71		14	5	9,5	0						0		0	0	0	0	0	0	0	0	0	0	0	0	0	0	0	0	0											
SDHA			A>A/G	5	224633	snv	het	PASS	43.89				0			0	0	40.74		81	33	48,33	0						0		0	0	0	0	0	0	0	0	0	0	0	0	0	0	0	0	0											
SDHA			A>A/C	5	226160	snv	het	PASS	41.92				0			0	0	35		100	35	65,35	0						0		0	0	0	0	0	0	0	0	0	0	0	0	0	0	0	0	0											
SDHA			T>T/C	5	228362	snv	het	PASS	41.63				0			0	0	38.21		123	47	76,47	0						0		0	0	0	0	0	0	0	0	0	0	0	0	0	0	0	0	0											
SDHA			A>G/G	5	230980	snv	hom	PASS	447.29				0			0	0	100		133	133	0,133	0						0		0	0	0	0	0	0	0	0	0	0	0	0	0	0	0	0	0											
SDHA			T>C/C	5	231111	snv	hom	PASS	525.54				0			0	0	100		159	159	0,159	0						0		0	0	0	0	0	0	0	0	0	0	0	0	0	0	0	0	0											
SDHA			A>A/G	5	233572	snv	het	PASS	48.8				0			0	0	43.9		82	36	46,36	0						0		0	0	0	0	0	0	0	0	0	0	0	0	0	0	0	0	0											
SDHA			C>C/G	5	233734	snv	het	PASS	44.46				0			0	0	41.72		151	63	88,63	0						0		0	0	0	0	0	0	0	0	0	0	0	0	0	0	0	0	0											
SDHA			G>G/A	5	251469	snv	het	PASS	35.63				0			0	0	36.54		104	38	66,38	0						0		0	0	0	0	0	0	0	0	0	0	0	0	0	0	0	0	0											
SDHA			A>A/G	5	251541	snv	het	PASS	30.92				0			0	0	29.13		127	37	90,37	0						0		0	0	0	0	0	0	0	0	0	0	0	0	0	0	0	0	0											
SDHA			C>C/T	5	251784	snv	het	PASS	27.99				0			0	0	27.59		58	16	42,16	0						0		0	0	0	0	0	0	0	0	0	0	0	0	0	0	0	0	0											
SDHA			A>A/T	5	254599	snv	het	PASS	39.71				0			0	0	44.93		138	62	76,62	0						0		0	0	0	0	0	0	0	0	0	0	0	0	0	0	0	0	0											
SDHA			C>C/T	5	254636	snv	het	PASS	41.5				0			0	0	54.54		99	54	45,54	0						0		0	0	0	0	0	0	0	0	0	0	0	0	0	0	0	0	0											
SDHA			G>G/A	5	256472	snv	het	PASS	45.32				0			0	0	44.08		93	41	52,41	0						0		0	0	0	0	0	0	0	0	0	0	0	0	0	0	0	0	0											
SDHA			G>G/A	5	256509	snv	het	PASS	41.92				0			0	0	38.32		107	41	66,41	0						0		0	0	0	0	0	0	0	0	0	0	0	0	0	0	0	0	0											
NDUFS4			G>C/C	5	52856504	snv	hom	PASS	585.73				0			0	0	100		179	179	0,179	0						0		0	0	0	0	0	0	0	0	0	0	0	0	0	0	0	0	0											
NDUFS4			A>C/C	5	52942083	snv	hom	PASS	221.56				0			0	0	100		58	58	0,58	0						0		0	0	0	0	0	0	0	0	0	0	0	0	0	0	0	0	0											
NDUFS4			A>G/G	5	52942197	snv	hom	PASS	362.1				0			0	0	100		105	105	0,105	0						0		0	0	0	0	0	0	0	0	0	0	0	0	0	0	0	0	0											
NDUFS4			G>A/A	5	52979097	snv	hom	PASS	224.57				0			0	0	100		59	59	0,59	0						0		0	0	0	0	0	0	0	0	0	0	0	0	0	0	0	0	0											
ERCC8			A>A/G	5	60170337	snv	het	PASS	46.06				0			0	0	61.11		18	11	7,11	0						0		0	0	0	0	0	0	0	0	0	0	0	0	0	0	0	0	0											
ERCC8			A>A/G	5	60200665	snv	het	PASS	47.48				0			0	0	41.51		53	22	31,22	0						0		0	0	0	0	0	0	0	0	0	0	0	0	0	0	0	0	0											
MEF2C			GA>GA/G	5	88018388	deletion	het	PASS	50				0			0	0	54.05		37	20	17,20	0						0		0	0	0	0	0	0	0	0	0	0	0	0	0	0	0	0	0											
LMNB1			G>G/A	5	126140540	snv	het	PASS	38.48				0			0	0	31.91		94	30	64,30	0						0		0	0	0	0	0	0	0	0	0	0	0	0	0	0	0	0	0											
LMNB1			T>C/C	5	126171999	snv	hom	PASS	230.13				0			0	0	100		61	61	0,61	0						0		0	0	0	0	0	0	0	0	0	0	0	0	0	0	0	0	0											
LYRM7			G>G/A	5	130515811	snv	het	PASS	41.34				0			0	0	32.26		31	10	21,10	0						0		0	0	0	0	0	0	0	0	0	0	0	0	0	0	0	0	0											
CSF1R			G>G/A	5	149460343	snv	het	PASS	31.2				0			0	0	49.56		115	57	58,57	0						0		0	0	0	0	0	0	0	0	0	0	0	0	0	0	0	0	0											
RARS			G>G/A	5	167913510	snv	het	PASS	48.13				0			0	0	42.99		107	46	61,46	0						0		0	0	0	0	0	0	0	0	0	0	0	0	0	0	0	0	0											
RARS			G>G/A	5	167943827	snv	het	PASS	50				0			0	0	61.11		72	44	28,44	0						0		0	0	0	0	0	0	0	0	0	0	0	0	0	0	0	0	0											
RARS			CT>C/CTTT	5	167945076	insertion	het	PASS	17.33				0			0	0	35.71		14	5	4,5,5	0						0		0	0	0	0	0	0	0	0	0	0	0	0	0	0	0	0	0											
RARS			CT>CTTT/C	5	167945076	deletion	het	PASS	17.33				0			0	0	35.71		14	5	4,5,5	0						0		0	0	0	0	0	0	0	0	0	0	0	0	0	0	0	0	0											
ABHD16A			T>C/C	6	31657413	snv	hom	PASS	208.6				0			0	0	100		54	54	0,54	0						0		0	0	0	0	0	0	0	0	0	0	0	0	0	0	0	0	0											
GNMT,PEX6			GTTTA>GTTTA/G	6	42931627	deletion	het	PASS	50				0			0	0	61.11		18	11	7,11	0						0		0	0	0	0	0	0	0	0	0	0	0	0	0	0	0	0	0											
PEX6			C>C/T	6	42934500	snv	het	PASS	50				0			0	0	50.61		247	125	122,125	0						0		0	0	0	0	0	0	0	0	0	0	0	0	0	0	0	0	0											
PEX6			A>A/G	6	42942779	snv	het	PASS	46.85				0			0	0	40.42		94	38	56,38	0						0		0	0	0	0	0	0	0	0	0	0	0	0	0	0	0	0	0											
PEX6			C>C/A	6	42946490	snv	het	PASS	50				0			0	0	54.9		51	28	23,28	0						0		0	0	0	0	0	0	0	0	0	0	0	0	0	0	0	0	0											
PEX6			G>G/A	6	42946943	snv	het	PASS	49.95				0			0	0	48.75		80	39	41,39	0						0		0	0	0	0	0	0	0	0	0	0	0	0	0	0	0	0	0											
POLR1C,XPO5			T>T/C	6	43491335	snv	het	PASS	42.63				0			0	0	26.67		15	4	11,4	0						0		0	0	0	0	0	0	0	0	0	0	0	0	0	0	0	0	0											
POLR1C,XPO5			G>G/A	6	43492578	snv	het	PASS	50				0			0	0	50.4		125	63	62,63	0						0		0	0	0	0	0	0	0	0	0	0	0	0	0	0	0	0	0											
POLR1C,XPO5			TAA>TA/T	6	43497116	deletion	het	PASS	18.24				0			0	0	37.5		8	3	2,3,3	0						0		0	0	0	0	0	0	0	0	0	0	0	0	0	0	0	0	0											
POLR1C,XPO5			TAA>T/TA	6	43497116	deletion	het	PASS	18.24				0			0	0	37.5		8	3	2,3,3	0						0		0	0	0	0	0	0	0	0	0	0	0	0	0	0	0	0	0											
AARS2			C>T/T	6	44268135	snv	hom	PASS	124.79				0			0	0	100		26	26	0,26	0						0		0	0	0	0	0	0	0	0	0	0	0	0	0	0	0	0	0											
AARS2			T>C/C	6	44268371	snv	hom	PASS	631.57				0			0	0	100		195	195	0,195	0						0		0	0	0	0	0	0	0	0	0	0	0	0	0	0	0	0	0											
AARS2			T>C/C	6	44269023	snv	hom	PASS	404.23				0			0	0	100		119	119	0,119	0						0		0	0	0	0	0	0	0	0	0	0	0	0	0	0	0	0	0											
AARS2			C>T/T	6	44269193	snv	hom	PASS	459.32				0			0	0	100		137	137	0,137	0						0		0	0	0	0	0	0	0	0	0	0	0	0	0	0	0	0	0											
AARS2			T>C/C	6	44275011	snv	hom	PASS	310.92				0			0	0	100		88	88	0,88	0						0		0	0	0	0	0	0	0	0	0	0	0	0	0	0	0	0	0											
AARS2			C>T/T	6	44280812	snv	hom	PASS	221.55				0			0	0	100		58	58	0,58	0						0		0	0	0	0	0	0	0	0	0	0	0	0	0	0	0	0	0											
MUT			T>T/C	6	49403282	snv	het	PASS	50				0			0	0	56.52		69	39	30,39	0						0		0	0	0	0	0	0	0	0	0	0	0	0	0	0	0	0	0											
MUT			C>C/T	6	49412433	snv	het	PASS	49.22				0			0	0	45.59		68	31	37,31	0						0		0	0	0	0	0	0	0	0	0	0	0	0	0	0	0	0	0											
MUT			C>C/T	6	49425521	snv	het	PASS	46.72				0			0	0	40.38		52	21	31,21	0						0		0	0	0	0	0	0	0	0	0	0	0	0	0	0	0	0	0											
FIG4			G>GT/GT	6	110053824	insertion	hom	PASS	67.85				0			0	0	76.09		46	35	11,35	0						0		0	0	0	0	0	0	0	0	0	0	0	0	0	0	0	0	0											
FIG4			C>A/A	6	110059510	snv	hom	PASS	139.84				0			0	0	100		31	31	0,31	0						0		0	0	0	0	0	0	0	0	0	0	0	0	0	0	0	0	0											
FIG4			A>G/G	6	110106234	snv	hom	PASS	84.74				0			0	0	100		13	13	0,13	0						0		0	0	0	0	0	0	0	0	0	0	0	0	0	0	0	0	0											
FIG4			G>G/A	6	110146303	snv	het	PASS	40.83				0			0	0	33.72		86	29	57,29	0						0		0	0	0	0	0	0	0	0	0	0	0	0	0	0	0	0	0											
FIG4			C>C/T	6	110146588	snv	het	PASS	22.33				0			0	0	39.13		23	9	14,9	0						0		0	0	0	0	0	0	0	0	0	0	0	0	0	0	0	0	0											
PEX7			C>C/T	6	137143748	snv	het	PASS	50				0			0	0	53.22		62	33	29,33	0						0		0	0	0	0	0	0	0	0	0	0	0	0	0	0	0	0	0											
PEX3			C>C/G	6	143792078	snv	het	PASS	37.64				0			0	0	31.71		41	13	28,13	0						0		0	0	0	0	0	0	0	0	0	0	0	0	0	0	0	0	0											
PEX3			T>T/C	6	143792675	snv	het	PASS	48				0			0	0	41.97		81	34	47,34	0						0		0	0	0	0	0	0	0	0	0	0	0	0	0	0	0	0	0											
PEX3			A>A/G	6	143806276	snv	het	PASS	37.25				0			0	0	31.08		74	23	51,23	0						0		0	0	0	0	0	0	0	0	0	0	0	0	0	0	0	0	0											
TMEM106B			C>C/G	7	12269417	snv	het	PASS	50				0			0	0	60.87		46	28	18,28	0						0		0	0	0	0	0	0	0	0	0	0	0	0	0	0	0	0	0											
TMEM106B			A>A/G	7	12271452	snv	het	PASS	49.89				0			0	0	47.37		19	9	10,9	0						0		0	0	0	0	0	0	0	0	0	0	0	0	0	0	0	0	0											
FAM126A			T>T/C	7	23015831	snv	het	PASS	47.25				0			0	0	40.54		37	15	22,15	0						0		0	0	0	0	0	0	0	0	0	0	0	0	0	0	0	0	0											
CCM2			TGCTCCCGCGCGC>T/T	7	45039398	deletion	hom	PASS	114.22				0			0	0	100		22	22	0,22	0						0		0	0	0	0	0	0	0	0	0	0	0	0	0	0	0	0	0											
CCM2			C>C/A	7	45108196	snv	het	PASS	47.72				0			0	0	41.91		136	57	79,57	0						0		0	0	0	0	0	0	0	0	0	0	0	0	0	0	0	0	0											
PEX1			CA>CA/C	7	92129161	deletion	het	PASS	43.15				0			0	0	49.12		57	28	29,28	0						0		0	0	0	0	0	0	0	0	0	0	0	0	0	0	0	0	0											
PEX1			G>G/T	7	92131289	snv	het	PASS	44.27				0			0	0	37.1		62	23	39,23	0						0		0	0	0	0	0	0	0	0	0	0	0	0	0	0	0	0	0											
PEX1			C>C/T	7	92147584	snv	het	PASS	42.72				0			0	0	35.53		76	27	49,27	0						0		0	0	0	0	0	0	0	0	0	0	0	0	0	0	0	0	0											
PEX1			G>G/C	7	92157802	snv	het	PASS	50				0			0	0	50		16	8	8,8	0						0		0	0	0	0	0	0	0	0	0	0	0	0	0	0	0	0	0											
LAMB1			T>G/G	7	107564366	snv	hom	PASS	155.35				0			0	0	100		36	36	0,36	0						0		0	0	0	0	0	0	0	0	0	0	0	0	0	0	0	0	0											
LAMB1			A>A/G	7	107569517	snv	het	PASS	49.25				0			0	0	45.26		95	43	52,43	0						0		0	0	0	0	0	0	0	0	0	0	0	0	0	0	0	0	0											
LAMB1			T>T/C	7	107593989	snv	het	PASS	49.68				0			0	0	46.77		62	29	33,29	0						0		0	0	0	0	0	0	0	0	0	0	0	0	0	0	0	0	0											
LAMB1			C>C/T	7	107599806	snv	het	PASS	43.89				0			0	0	36.96		92	34	58,34	0						0		0	0	0	0	0	0	0	0	0	0	0	0	0	0	0	0	0											
CSMD1			C>T/T	8	2796277	snv	hom	PASS	169.62				0			0	0	100		42	42	0,42	0						0		0	0	0	0	0	0	0	0	0	0	0	0	0	0	0	0	0											
CSMD1			G>GAAAGAAAAGA/GAAAGAAAAGA	8	2806920	insertion	hom	PASS	124.56				0			0	0	100		26	26	0,26	0						0		0	0	0	0	0	0	0	0	0	0	0	0	0	0	0	0	0											
CSMD1			G>G/C	8	2820745	snv	het	PASS	50				0			0	0	51.78		56	29	27,29	0						0		0	0	0	0	0	0	0	0	0	0	0	0	0	0	0	0	0											
CSMD1			C>G/G	8	2832139	snv	hom	PASS	148.06				0			0	0	100		37	37	0,37	0						0		0	0	0	0	0	0	0	0	0	0	0	0	0	0	0	0	0											
CSMD1			G>A/A	8	2909992	snv	hom	PASS	182.43				0			0	0	100		45	45	0,45	0						0		0	0	0	0	0	0	0	0	0	0	0	0	0	0	0	0	0											
CSMD1			A>G/G	8	2910020	snv	hom	PASS	248.65				0			0	0	100		67	67	0,67	0						0		0	0	0	0	0	0	0	0	0	0	0	0	0	0	0	0	0											
CSMD1			T>C/C	8	2965244	snv	hom	PASS	104.18				0			0	0	100		19	19	0,19	0						0		0	0	0	0	0	0	0	0	0	0	0	0	0	0	0	0	0											
CSMD1			A>C/C	8	3165814	snv	hom	PASS	134.56				0			0	0	100		30	30	0,30	0						0		0	0	0	0	0	0	0	0	0	0	0	0	0	0	0	0	0											
CSMD1			C>C/T	8	3200877	snv	het	PASS	47.36				0			0	0	41.3		92	38	54,38	0						0		0	0	0	0	0	0	0	0	0	0	0	0	0	0	0	0	0											
CSMD1			C>C/T	8	3253768	snv	het	PASS	42.51				0			0	0	35.48		93	33	60,33	0						0		0	0	0	0	0	0	0	0	0	0	0	0	0	0	0	0	0											
CSMD1			A>A/G	8	3263758	snv	het	PASS	42.22				0			0	0	52		50	26	24,26	0						0		0	0	0	0	0	0	0	0	0	0	0	0	0	0	0	0	0											
CSMD1			C>C/T	8	3265590	snv	het	PASS	49.49				0			0	0	46.15		104	48	56,48	0						0		0	0	0	0	0	0	0	0	0	0	0	0	0	0	0	0	0											
CSMD1			GA>G/GAA	8	3443799	insertion	het	PASS	78.94				0			0	0	46.67		15	7	0,8,7	0						0		0	0	0	0	0	0	0	0	0	0	0	0	0	0	0	0	0											
CSMD1			GA>GAA/G	8	3443799	deletion	het	PASS	78.94				0			0	0	46.67		15	8	0,8,7	0						0		0	0	0	0	0	0	0	0	0	0	0	0	0	0	0	0	0											
CSMD1			T>T/C	8	4494905	snv	het	PASS	36.65				0			0	0	52.73		55	29	26,29	0						0		0	0	0	0	0	0	0	0	0	0	0	0	0	0	0	0	0											
PEX2			A>G/G	8	77895865	snv	hom	PASS	254.21				0			0	0	100		69	69	0,69	0						0		0	0	0	0	0	0	0	0	0	0	0	0	0	0	0	0	0											
PEX2			G>G/T	8	77912230	snv	het	PASS	48.87				0			0	0	44.21		95	42	53,42	0						0		0	0	0	0	0	0	0	0	0	0	0	0	0	0	0	0	0											
RRM2B			A>G/G	8	103220351	snv	hom	PASS	178.51				0			0	0	100		44	44	0,44	0						0		0	0	0	0	0	0	0	0	0	0	0	0	0	0	0	0	0											
ISCA1			G>G/A	9	88881000	snv	het	PASS	44.13				0			0	0	66.67		51	34	17,34	0						0		0	0	0	0	0	0	0	0	0	0	0	0	0	0	0	0	0											
ABCA1			T>TAAA/TAA	9	107556793	insertion	het	PASS	121.46				0			0	0	25.53		47	12	3,32,12	0						0		0	0	0	0	0	0	0	0	0	0	0	0	0	0	0	0	0											
ABCA1			T>TAA/TAAA	9	107556793	insertion	het	PASS	121.46				0			0	0	25.53		47	32	3,32,12	0						0		0	0	0	0	0	0	0	0	0	0	0	0	0	0	0	0	0											
ABCA1			T>C/C	9	107562804	snv	hom	PASS	369.03				0			0	0	100		107	107	0,107	0						0		0	0	0	0	0	0	0	0	0	0	0	0	0	0	0	0	0											
ABCA1			C>T/T	9	107568705	snv	hom	PASS	218.55				0			0	0	100		57	57	0,57	0						0		0	0	0	0	0	0	0	0	0	0	0	0	0	0	0	0	0											
ABCA1			T>C/C	9	107586753	snv	hom	PASS	374.58				0			0	0	100		109	109	0,109	0						0		0	0	0	0	0	0	0	0	0	0	0	0	0	0	0	0	0											
ABCA1			C>C/T	9	107588033	snv	het	PASS	49.27				0			0	0	45.35		172	78	94,78	0						0		0	0	0	0	0	0	0	0	0	0	0	0	0	0	0	0	0											
ABCA1			G>T/T	9	107591272	snv	hom	PASS	403.77				0			0	0	100		119	119	0,119	0						0		0	0	0	0	0	0	0	0	0	0	0	0	0	0	0	0	0											
ABCA1			G>G/A	9	107599390	snv	het	PASS	48.7				0			0	0	43.9		41	18	23,18	0						0		0	0	0	0	0	0	0	0	0	0	0	0	0	0	0	0	0											
ABCA1			A>A/AT	9	107602813	insertion	het	PASS	45.44				0			0	0	38.46		39	15	24,15	0						0		0	0	0	0	0	0	0	0	0	0	0	0	0	0	0	0	0											
ABCA1			C>C/T	9	107620867	snv	het	PASS	49.71				0			0	0	47		100	47	53,47	0						0		0	0	0	0	0	0	0	0	0	0	0	0	0	0	0	0	0											
ABCA1			C>C/T	9	107624029	snv	het	PASS	46.46				0			0	0	39.64		111	44	67,44	0						0		0	0	0	0	0	0	0	0	0	0	0	0	0	0	0	0	0											
ASS1			A>G/G	9	133346920	snv	hom	PASS	260.69				0			0	0	100		71	71	0,71	0						0		0	0	0	0	0	0	0	0	0	0	0	0	0	0	0	0	0											
SURF1			G>G/A	9	136223366	snv	het	PASS	49.8				0			0	0	42.86		7	3	4,3	0						0		0	0	0	0	0	0	0	0	0	0	0	0	0	0	0	0	0											
ADAMTS13			C>T/T	9	136291063	snv	hom	PASS	494.98				0			0	0	100		149	149	0,149	0						0		0	0	0	0	0	0	0	0	0	0	0	0	0	0	0	0	0											
ADAMTS13			A>G/G	9	136304497	snv	hom	PASS	377.15				0			0	0	100		110	110	0,110	0						0		0	0	0	0	0	0	0	0	0	0	0	0	0	0	0	0	0											
ADAMTS13			C>T/T	9	136308542	snv	hom	PASS	218.55				0			0	0	100		57	57	0,57	0						0		0	0	0	0	0	0	0	0	0	0	0	0	0	0	0	0	0											
NOTCH1			C>T/T	9	139390397	snv	hom	PASS	79.98				0			0	0	100		14	14	0,14	0						0		0	0	0	0	0	0	0	0	0	0	0	0	0	0	0	0	0											
NOTCH1			G>A/A	9	139391636	snv	hom	PASS	332.92				0			0	0	100		95	95	0,95	0						0		0	0	0	0	0	0	0	0	0	0	0	0	0	0	0	0	0											
NOTCH1			G>G/A	9	139395311	snv	het	PASS	43.41				0			0	0	36.17		47	17	30,17	0						0		0	0	0	0	0	0	0	0	0	0	0	0	0	0	0	0	0											
NOTCH1			G>G/A	9	139397707	snv	het	PASS	48.89				0			0	0	44.44		144	64	80,64	0						0		0	0	0	0	0	0	0	0	0	0	0	0	0	0	0	0	0											
NOTCH1			C>C/T	9	139405261	snv	het	PASS	50				0			0	0	54.05		111	60	51,60	0						0		0	0	0	0	0	0	0	0	0	0	0	0	0	0	0	0	0											
NOTCH1			A>A/G	9	139407932	snv	het	PASS	50				0			0	0	50.76		132	67	65,67	0						0		0	0	0	0	0	0	0	0	0	0	0	0	0	0	0	0	0											
NOTCH1			T>T/C	9	139410177	snv	het	PASS	49.97				0			0	0	49.27		69	34	35,34	0						0		0	0	0	0	0	0	0	0	0	0	0	0	0	0	0	0	0											
NOTCH1			A>G/G	9	139410424	snv	hom	PASS	308.84				0			0	0	100		87	87	0,87	0						0		0	0	0	0	0	0	0	0	0	0	0	0	0	0	0	0	0											
NOTCH1			T>T/C	9	139411714	snv	het	PASS	38.51				0			0	0	31.82		44	14	30,14	0						0		0	0	0	0	0	0	0	0	0	0	0	0	0	0	0	0	0											
NOTCH1			G>G/A	9	139412197	snv	het	PASS	49.69				0			0	0	47.01		117	55	62,55	0						0		0	0	0	0	0	0	0	0	0	0	0	0	0	0	0	0	0											
NOTCH1			A>G/G	9	139418260	snv	hom	PASS	452.83				0			0	0	100		135	135	0,135	0						0		0	0	0	0	0	0	0	0	0	0	0	0	0	0	0	0	0											
ACBD5			T>C/C	10	27484746	snv	hom	PASS	95.15				0			0	0	100		16	16	0,16	0						0		0	0	0	0	0	0	0	0	0	0	0	0	0	0	0	0	0											
ACBD5			CGT>CGT/C	10	27485478	deletion	het	PASS	50				0			0	0	53.42		73	39	34,39	0						0		0	0	0	0	0	0	0	0	0	0	0	0	0	0	0	0	0											
ACBD5			G>G/A	10	27499771	snv	het	PASS	49.19				0			0	0	45.16		62	28	34,28	0						0		0	0	0	0	0	0	0	0	0	0	0	0	0	0	0	0	0											
ACBD5			T>T/C	10	27499804	snv	het	PASS	50				0			0	0	50.57		87	44	43,44	0						0		0	0	0	0	0	0	0	0	0	0	0	0	0	0	0	0	0											
ACBD5			G>G/A	10	27506961	snv	het	PASS	48.03				0			0	0	42.65		68	29	39,29	0						0		0	0	0	0	0	0	0	0	0	0	0	0	0	0	0	0	0											
ACBD5			C>C/T	10	27507119	snv	het	PASS	34.63				0			0	0	27.27		33	9	24,9	0						0		0	0	0	0	0	0	0	0	0	0	0	0	0	0	0	0	0											
ACBD5			C>C/A	10	27529549	snv	het	PASS	50				0			0	0	57.78		135	78	57,78	0						0		0	0	0	0	0	0	0	0	0	0	0	0	0	0	0	0	0											
ACBD5			T>C/C	10	27529565	snv	hom	PASS	551.69				0			0	0	100		168	168	0,168	0						0		0	0	0	0	0	0	0	0	0	0	0	0	0	0	0	0	0											
ERCC6			T>T/C	10	50667105	snv	het	PASS	49.86				0			0	0	47.96		221	106	115,106	0						0		0	0	0	0	0	0	0	0	0	0	0	0	0	0	0	0	0											
ERCC6			T>T/C	10	50678369	snv	het	PASS	49.99				0			0	0	49.47		95	47	48,47	0						0		0	0	0	0	0	0	0	0	0	0	0	0	0	0	0	0	0											
ERCC6			T>T/C	10	50678717	snv	het	PASS	47.36				0			0	0	41.3		46	19	27,19	0						0		0	0	0	0	0	0	0	0	0	0	0	0	0	0	0	0	0											
ERCC6			G>G/A	10	50681033	snv	het	PASS	50				0			0	0	50.75		134	68	66,68	0						0		0	0	0	0	0	0	0	0	0	0	0	0	0	0	0	0	0											
ERCC6			G>A/A	10	50701156	snv	hom	PASS	237.3				0			0	0	100		64	64	0,64	0						0		0	0	0	0	0	0	0	0	0	0	0	0	0	0	0	0	0											
ERCC6,ERCC6-PGBD3,PGBD3			G>A/A	10	50723684	snv	hom	PASS	326.88				0			0	0	100		93	93	0,93	0						0		0	0	0	0	0	0	0	0	0	0	0	0	0	0	0	0	0											
ERCC6,ERCC6-PGBD3,PGBD3			C>T/T	10	50724016	snv	hom	PASS	154.89				0			0	0	100		36	36	0,36	0						0		0	0	0	0	0	0	0	0	0	0	0	0	0	0	0	0	0											
ERCC6,ERCC6-PGBD3			G>C/C	10	50740876	snv	hom	PASS	350.98				0			0	0	100		101	101	0,101	0						0		0	0	0	0	0	0	0	0	0	0	0	0	0	0	0	0	0											
PSAP			C>C/T	10	73576307	snv	het	PASS	42.01				0			0	0	42.31		26	11	15,11	0						0		0	0	0	0	0	0	0	0	0	0	0	0	0	0	0	0	0											
PSAP			T>T/C	10	73578882	snv	het	PASS	50				0			0	0	53.08		130	69	61,69	0						0		0	0	0	0	0	0	0	0	0	0	0	0	0	0	0	0	0											
PSAP			C>C/T	10	73579217	snv	het	PASS	49.98				0			0	0	49.22		128	63	65,63	0						0		0	0	0	0	0	0	0	0	0	0	0	0	0	0	0	0	0											
PSAP			G>G/A	10	73610982	snv	het	PASS	45.49				0			0	0	38.65		163	63	100,63	0						0		0	0	0	0	0	0	0	0	0	0	0	0	0	0	0	0	0											
ACTA2,FAS			A>A/G	10	90750600	snv	het	PASS	50				0			0	0	53.03		198	105	93,105	0						0		0	0	0	0	0	0	0	0	0	0	0	0	0	0	0	0	0											
ENTPD1,ENTPD1-AS1			T>C/C	10	97602091	snv	hom	PASS	163.46				0			0	0	100		39	39	0,39	0						0		0	0	0	0	0	0	0	0	0	0	0	0	0	0	0	0	0											
ENTPD1,ENTPD1-AS1			G>A/A	10	97607165	snv	hom	PASS	336.38				0			0	0	99.08		109	108	1,108	0						0		0	0	0	0	0	0	0	0	0	0	0	0	0	0	0	0	0											
ENTPD1,ENTPD1-AS1			C>T/T	10	97635516	snv	hom	PASS	67.04				0			0	0	100		7	7	0,7	0						0		0	0	0	0	0	0	0	0	0	0	0	0	0	0	0	0	0											
COX15			A>G/G	10	101473218	snv	hom	PASS	255.84				0			0	0	100		70	70	0,70	0						0		0	0	0	0	0	0	0	0	0	0	0	0	0	0	0	0	0											
COX15,CUTC			G>A/A	10	101492241	snv	hom	PASS	199.54				0			0	0	100		51	51	0,51	0						0		0	0	0	0	0	0	0	0	0	0	0	0	0	0	0	0	0											
NKX6-2			A>G/G	10	134598628	snv	hom	PASS	441.27				0			0	0	100		131	131	0,131	0						0		0	0	0	0	0	0	0	0	0	0	0	0	0	0	0	0	0											
STIM1			A>A/G	11	4103524	snv	het	PASS	48.93				0			0	0	44.44		108	48	60,48	0						0		0	0	0	0	0	0	0	0	0	0	0	0	0	0	0	0	0											
STIM1			C>C/G	11	4104745	snv	het	PASS	33.8				0			0	0	28.57		77	22	55,22	0						0		0	0	0	0	0	0	0	0	0	0	0	0	0	0	0	0	0											
HBB			A>G/G	11	5248243	snv	hom	PASS	305.37				0			0	0	100		86	86	0,86	0						0		0	0	0	0	0	0	0	0	0	0	0	0	0	0	0	0	0											
PEX16			G>A/A	11	45931502	snv	hom	PASS	83.12				0			0	0	100		12	12	0,12	0						0		0	0	0	0	0	0	0	0	0	0	0	0	0	0	0	0	0											
PEX16			A>G/G	11	45935384	snv	hom	PASS	368.58				0			0	0	100		107	107	0,107	0						0		0	0	0	0	0	0	0	0	0	0	0	0	0	0	0	0	0											
PEX16			G>A/A	11	45936035	snv	hom	PASS	323.89				0			0	0	100		92	92	0,92	0						0		0	0	0	0	0	0	0	0	0	0	0	0	0	0	0	0	0											
PEX16			C>T/T	11	45937267	snv	hom	PASS	359.56				0			0	0	100		104	104	0,104	0						0		0	0	0	0	0	0	0	0	0	0	0	0	0	0	0	0	0											
PC,LRFN4			T>C/C	11	66626234	snv	hom	PASS	212.07				0			0	0	100		55	55	0,55	0						0		0	0	0	0	0	0	0	0	0	0	0	0	0	0	0	0	0											
NDUFS8			G>G/A	11	67798381	snv	het	PASS	49.87				0			0	0	48.08		52	25	27,25	0						0		0	0	0	0	0	0	0	0	0	0	0	0	0	0	0	0	0											
NDUFS8			T>G/G	11	67800494	snv	hom	PASS	314.87				0			0	0	100		89	89	0,89	0						0		0	0	0	0	0	0	0	0	0	0	0	0	0	0	0	0	0											
ACER3			G>A/A	11	76637651	snv	hom	PASS	104.18				0			0	0	100		19	19	0,19	0						0		0	0	0	0	0	0	0	0	0	0	0	0	0	0	0	0	0											
ACER3			G>A/A	11	76637680	snv	hom	PASS	134.28				0			0	0	100		29	29	0,29	0						0		0	0	0	0	0	0	0	0	0	0	0	0	0	0	0	0	0											
ACER3			C>G/G	11	76637730	snv	hom	PASS	104.18				0			0	0	100		19	19	0,19	0						0		0	0	0	0	0	0	0	0	0	0	0	0	0	0	0	0	0											
ACER3			A>C/C	11	76687399	snv	hom	PASS	185.45				0			0	0	100		46	46	0,46	0						0		0	0	0	0	0	0	0	0	0	0	0	0	0	0	0	0	0											
ACER3			G>A/A	11	76701606	snv	hom	PASS	221.56				0			0	0	100		58	58	0,58	0						0		0	0	0	0	0	0	0	0	0	0	0	0	0	0	0	0	0											
ACER3			G>G/A	11	76709795	snv	het	PASS	49.88				0			0	0	47.62		42	20	22,20	0						0		0	0	0	0	0	0	0	0	0	0	0	0	0	0	0	0	0											
VPS11			T>TC/TC	11	118939939	insertion	hom	PASS	248.59				0			0	0	100		67	67	0,67	0						0		0	0	0	0	0	0	0	0	0	0	0	0	0	0	0	0	0											
VPS11			C>T/T	11	118947634	snv	hom	PASS	461.88				0			0	0	100		138	138	0,138	0						0		0	0	0	0	0	0	0	0	0	0	0	0	0	0	0	0	0											
HMBS			C>T/T	11	118955679	snv	hom	PASS	453.3				0			0	0	100		135	135	0,135	0						0		0	0	0	0	0	0	0	0	0	0	0	0	0	0	0	0	0											
HMBS			CTTTTTTTTTTTTT>CTTTTTTTTTTTTT/C	11	118955882	deletion	het	PASS	50				0			0	0	71.7		53	38	15,38	0						0		0	0	0	0	0	0	0	0	0	0	0	0	0	0	0	0	0											
HMBS			G>T/T	11	118962230	snv	hom	PASS	308.84				0			0	0	100		87	87	0,87	0						0		0	0	0	0	0	0	0	0	0	0	0	0	0	0	0	0	0											
HMBS			C>C/A	11	118962816	snv	het	PASS	49.15				0			0	0	45.04		111	50	61,50	0						0		0	0	0	0	0	0	0	0	0	0	0	0	0	0	0	0	0											
HEPACAM,HEPN1			T>C/C	11	124789755	snv	hom	PASS	212.08				0			0	0	100		55	55	0,55	0						0		0	0	0	0	0	0	0	0	0	0	0	0	0	0	0	0	0											
HEPACAM			G>A/A	11	124792627	snv	hom	PASS	504.02				0			0	0	100		152	152	0,152	0						0		0	0	0	0	0	0	0	0	0	0	0	0	0	0	0	0	0											
HEPACAM			T>C/C	11	124793682	snv	hom	PASS	251.2				0			0	0	100		68	68	0,68	0						0		0	0	0	0	0	0	0	0	0	0	0	0	0	0	0	0	0											
PEX5			T>T/A	12	7342636	snv	het	PASS	47.93				0			0	0	42.31		130	55	75,55	0						0		0	0	0	0	0	0	0	0	0	0	0	0	0	0	0	0	0											
PEX5			G>G/A	12	7362960	snv	het	PASS	41.2				0			0	0	47.22		36	17	19,17	0						0		0	0	0	0	0	0	0	0	0	0	0	0	0	0	0	0	0											
PDE3A			G>A/A	12	20522252	snv	hom	PASS	139.84				0			0	0	100		31	31	0,31	0						0		0	0	0	0	0	0	0	0	0	0	0	0	0	0	0	0	0											
PDE3A			G>G/A	12	20724988	snv	het	PASS	32.22				0			0	0	50		14	7	7,7	0						0		0	0	0	0	0	0	0	0	0	0	0	0	0	0	0	0	0											
PDE3A			C>T/T	12	20766559	snv	hom	PASS	326.43				0			0	0	100		93	93	0,93	0						0		0	0	0	0	0	0	0	0	0	0	0	0	0	0	0	0	0											
PDE3A			T>C/C	12	20803549	snv	hom	PASS	131.27				0			0	0	100		28	28	0,28	0						0		0	0	0	0	0	0	0	0	0	0	0	0	0	0	0	0	0											
DENND5B			A>A/G	12	31613335	snv	het	PASS	40.23				0			0	0	48.27		29	14	15,14	0						0		0	0	0	0	0	0	0	0	0	0	0	0	0	0	0	0	0											
DENND5B			GA>GA/G	12	31648728	deletion	het	PASS	41.3				0			0	0	28.57		21	6	15,6	0						0		0	0	0	0	0	0	0	0	0	0	0	0	0	0	0	0	0											
DENND5B			C>C/T	12	31648826	snv	het	PASS	34.29				0			0	0	27.78		36	10	26,10	0						0		0	0	0	0	0	0	0	0	0	0	0	0	0	0	0	0	0											
DENND5B			G>G/T	12	31653532	snv	het	PASS	24.74				0			0	0	33.33		6	2	4,2	0						0		0	0	0	0	0	0	0	0	0	0	0	0	0	0	0	0	0											
ACVRL1			C>C/T	12	52306221	snv	het	PASS	39.76				0			0	0	33		100	33	67,33	0						0		0	0	0	0	0	0	0	0	0	0	0	0	0	0	0	0	0											
ACVRL1			C>C/T	12	52307145	snv	het	PASS	47.17				0			0	0	41.04		134	55	79,55	0						0		0	0	0	0	0	0	0	0	0	0	0	0	0	0	0	0	0											
PAH			G>C/C	12	103237468	snv	hom	PASS	646.64				0			0	0	100		200	200	0,200	0						0		0	0	0	0	0	0	0	0	0	0	0	0	0	0	0	0	0											
PAH			C>C/T	12	103246700	snv	het	PASS	50				0			0	0	53.8		184	99	85,99	0						0		0	0	0	0	0	0	0	0	0	0	0	0	0	0	0	0	0											
PAH			C>C/T	12	103248924	snv	het	PASS	50				0			0	0	50.81		124	63	61,63	0						0		0	0	0	0	0	0	0	0	0	0	0	0	0	0	0	0	0											
POLR3B			CT>C/C	12	106820957	deletion	hom	PASS	54.12				0			0	0	69.7		33	23	10,23	0						0		0	0	0	0	0	0	0	0	0	0	0	0	0	0	0	0	0											
POLR3B			T>T/C	12	106838340	snv	het	PASS	49.82				0			0	0	47.79		136	65	71,65	0						0		0	0	0	0	0	0	0	0	0	0	0	0	0	0	0	0	0											
POLR3B			T>T/C	12	106903321	snv	het	PASS	40.64				0			0	0	33.73		83	28	55,28	0						0		0	0	0	0	0	0	0	0	0	0	0	0	0	0	0	0	0											
UFM1			T>C/C	13	38924263	snv	hom	PASS	558.18				0			0	0	100		170	170	0,170	0						0		0	0	0	0	0	0	0	0	0	0	0	0	0	0	0	0	0											
SUCLA2			A>T/T	13	48547467	snv	hom	PASS	322.49				0			0	0	100		92	92	0,92	0						0		0	0	0	0	0	0	0	0	0	0	0	0	0	0	0	0	0											
SUCLA2			G>A/A	13	48563008	snv	hom	PASS	216.24				0			0	0	100		57	57	0,57	0						0		0	0	0	0	0	0	0	0	0	0	0	0	0	0	0	0	0											
SUCLA2			GA>G/G	13	48575207	deletion	hom	PASS	152.29				0			0	0	100		35	35	0,35	0						0		0	0	0	0	0	0	0	0	0	0	0	0	0	0	0	0	0											
PCCA			A>G/G	13	100921056	snv	hom	PASS	251.66				0			0	0	100		68	68	0,68	0						0		0	0	0	0	0	0	0	0	0	0	0	0	0	0	0	0	0											
TPP2			G>A/A	13	103271206	snv	hom	PASS	119.23				0			0	0	100		24	24	0,24	0						0		0	0	0	0	0	0	0	0	0	0	0	0	0	0	0	0	0											
TPP2			T>C/C	13	103275386	snv	hom	PASS	187.07				0			0	0	100		47	47	0,47	0						0		0	0	0	0	0	0	0	0	0	0	0	0	0	0	0	0	0											
TPP2			G>A/A	13	103290574	snv	hom	PASS	209.52				0			0	0	100		54	54	0,54	0						0		0	0	0	0	0	0	0	0	0	0	0	0	0	0	0	0	0											
TPP2			G>A/A	13	103316113	snv	hom	PASS	110.87				0			0	0	100		24	24	0,24	0						0		0	0	0	0	0	0	0	0	0	0	0	0	0	0	0	0	0											
TPP2			G>A/A	13	103330718	snv	hom	PASS	173.41				0			0	0	100		42	42	0,42	0						0		0	0	0	0	0	0	0	0	0	0	0	0	0	0	0	0	0											
COL4A1			G>G/A	13	110813709	snv	het	PASS	49.6				0			0	0	46.59		88	41	47,41	0						0		0	0	0	0	0	0	0	0	0	0	0	0	0	0	0	0	0											
COL4A1			G>A/A	13	110819586	snv	hom	PASS	362.55				0			0	0	100		105	105	0,105	0						0		0	0	0	0	0	0	0	0	0	0	0	0	0	0	0	0	0											
COL4A1			C>C/T	13	110833702	snv	het	PASS	36.11				0			0	0	30.43		92	28	64,28	0						0		0	0	0	0	0	0	0	0	0	0	0	0	0	0	0	0	0											
COL4A1			C>C/T	13	110835460	snv	het	PASS	48.59				0			0	0	43.57		140	61	79,61	0						0		0	0	0	0	0	0	0	0	0	0	0	0	0	0	0	0	0											
COL4A1			T>G/G	13	110839550	snv	hom	PASS	236.15				0			0	0	100		63	63	0,63	0						0		0	0	0	0	0	0	0	0	0	0	0	0	0	0	0	0	0											
COL4A1			A>A/G	13	110850842	snv	het	PASS	49.98				0			0	0	49.38		81	40	41,40	0						0		0	0	0	0	0	0	0	0	0	0	0	0	0	0	0	0	0											
COL4A1			C>C/T	13	110857823	snv	het	PASS	44.44				0			0	0	37.4		123	46	77,46	0						0		0	0	0	0	0	0	0	0	0	0	0	0	0	0	0	0	0											
COL4A1			A>A/G	13	110857895	snv	het	PASS	29.73				0			0	0	26.26		99	26	73,26	0						0		0	0	0	0	0	0	0	0	0	0	0	0	0	0	0	0	0											
COL4A1			G>G/C	13	110859069	snv	het	PASS	47.01				0			0	0	40.78		103	42	61,42	0						0		0	0	0	0	0	0	0	0	0	0	0	0	0	0	0	0	0											
COL4A1			C>C/T	13	110859743	snv	het	PASS	11.56				0			0	0	17.91		67	12	55,12	0						0		0	0	0	0	0	0	0	0	0	0	0	0	0	0	0	0	0											
COL4A1			C>G/G	13	110861785	snv	hom	PASS	116.22				0			0	0	100		23	23	0,23	0						0		0	0	0	0	0	0	0	0	0	0	0	0	0	0	0	0	0											
COL4A1			A>A/T	13	110864225	snv	het	PASS	49.64				0			0	0	46.79		109	51	58,51	0						0		0	0	0	0	0	0	0	0	0	0	0	0	0	0	0	0	0											
COL4A1			A>A/G	13	110895092	snv	het	PASS	39.73				0			0	0	32.98		94	31	63,31	0						0		0	0	0	0	0	0	0	0	0	0	0	0	0	0	0	0	0											
COL4A1			C>C/G	13	110959356	snv	het	PASS	42.62				0			0	0	26.67		15	4	11,4	0						0		0	0	0	0	0	0	0	0	0	0	0	0	0	0	0	0	0											
COL4A2			G>A/A	13	111077197	snv	hom	PASS	200.03				0			0	0	100		51	51	0,51	0						0		0	0	0	0	0	0	0	0	0	0	0	0	0	0	0	0	0											
COL4A2			C>T/T	13	111098226	snv	hom	PASS	233.6				0			0	0	100		62	62	0,62	0						0		0	0	0	0	0	0	0	0	0	0	0	0	0	0	0	0	0											
COL4A2			G>A/A	13	111102042	snv	hom	PASS	131.27				0			0	0	100		28	28	0,28	0						0		0	0	0	0	0	0	0	0	0	0	0	0	0	0	0	0	0											
COL4A2			C>T/T	13	111102126	snv	hom	PASS	146.31				0			0	0	100		33	33	0,33	0						0		0	0	0	0	0	0	0	0	0	0	0	0	0	0	0	0	0											
COL4A2,COL4A2-AS2			G>G/A	13	111109157	snv	het	PASS	49.01				0			0	0	44.44		162	72	90,72	0						0		0	0	0	0	0	0	0	0	0	0	0	0	0	0	0	0	0											
COL4A2,COL4A2-AS2			G>G/C	13	111109576	snv	het	PASS	17.67				0			0	0	31.09		119	37	82,37	0						0		0	0	0	0	0	0	0	0	0	0	0	0	0	0	0	0	0											
COL4A2,COL4A2-AS2			G>G/C	13	111109618	snv	het	PASS	48.21				0			0	0	44.94		178	80	98,80	0						0		0	0	0	0	0	0	0	0	0	0	0	0	0	0	0	0	0											
COL4A2,COL4A2-AS2			A>A/G	13	111109859	snv	het	PASS	48.22				0			0	0	42.86		77	33	44,33	0						0		0	0	0	0	0	0	0	0	0	0	0	0	0	0	0	0	0											
COL4A2,COL4A2-AS2			A>A/G	13	111109882	snv	het	PASS	49.21				0			0	0	45.24		84	38	46,38	0						0		0	0	0	0	0	0	0	0	0	0	0	0	0	0	0	0	0											
COL4A2,COL4A2-AS2			G>G/C	13	111110418	snv	het	PASS	45.92				0			0	0	39.22		51	20	31,20	0						0		0	0	0	0	0	0	0	0	0	0	0	0	0	0	0	0	0											
COL4A2,COL4A2-AS2			G>G/A	13	111111173	snv	het	PASS	43.08				0			0	0	35.8		81	29	52,29	0						0		0	0	0	0	0	0	0	0	0	0	0	0	0	0	0	0	0											
COL4A2,COL4A2-AS2			G>G/A	13	111111235	snv	het	PASS	37.07				0			0	0	37.84		37	14	23,14	0						0		0	0	0	0	0	0	0	0	0	0	0	0	0	0	0	0	0											
COL4A2,COL4A2-AS2			G>G/A	13	111114751	snv	het	PASS	41.93				0			0	0	40		55	22	33,22	0						0		0	0	0	0	0	0	0	0	0	0	0	0	0	0	0	0	0											
COL4A2			C>C/T	13	111117745	snv	het	PASS	24.18				0			0	0	42.1		19	8	11,8	0						0		0	0	0	0	0	0	0	0	0	0	0	0	0	0	0	0	0											
COL4A2			C>C/T	13	111121620	snv	het	PASS	44.51				0			0	0	37.5		64	24	40,24	0						0		0	0	0	0	0	0	0	0	0	0	0	0	0	0	0	0	0											
COL4A2			C>C/T	13	111130519	snv	het	PASS	47.22				0			0	0	62.07		29	18	11,18	0						0		0	0	0	0	0	0	0	0	0	0	0	0	0	0	0	0	0											
COL4A2			A>A/G	13	111137240	snv	het	PASS	50				0			0	0	60		25	15	10,15	0						0		0	0	0	0	0	0	0	0	0	0	0	0	0	0	0	0	0											
COL4A2,COL4A2-AS1			G>G/T	13	111155230	snv	het	PASS	18.74				0			0	0	25		8	2	6,2	0						0		0	0	0	0	0	0	0	0	0	0	0	0	0	0	0	0	0											
COL4A2,COL4A2-AS1			T>T/C	13	111155271	snv	het	PASS	44.21				0			0	0	50		12	6	6,6	0						0		0	0	0	0	0	0	0	0	0	0	0	0	0	0	0	0	0											
COL4A2,COL4A2-AS1			C>C/T	13	111155711	snv	het	PASS	46.42				0			0	0	33.33		9	3	6,3	0						0		0	0	0	0	0	0	0	0	0	0	0	0	0	0	0	0	0											
COL4A2,COL4A2-AS1			T>C/C	13	111155773	snv	hom	PASS	192.6				0			0	0	100		11	11	0,11	0						0		0	0	0	0	0	0	0	0	0	0	0	0	0	0	0	0	0											
COL4A2,COL4A2-AS1			G>G/A	13	111155779	snv	het	PASS	49.8				0			0	0	45.45		11	5	6,5	0						0		0	0	0	0	0	0	0	0	0	0	0	0	0	0	0	0	0											
COL4A2,COL4A2-AS1			C>T/T	13	111156499	snv	hom	PASS	239.16				0			0	0	100		64	64	0,64	0						0		0	0	0	0	0	0	0	0	0	0	0	0	0	0	0	0	0											
COL4A2,COL4A2-AS1			A>G/G	13	111158874	snv	hom	PASS	254.67				0			0	0	100		69	69	0,69	0						0		0	0	0	0	0	0	0	0	0	0	0	0	0	0	0	0	0											
NAXD			G>A/A	13	111290880	snv	hom	PASS	209.52				0			0	0	100		54	54	0,54	0						0		0	0	0	0	0	0	0	0	0	0	0	0	0	0	0	0	0											
NAXD			T>C/C	13	111290967	snv	hom	PASS	179.43				0			0	0	100		44	44	0,44	0						0		0	0	0	0	0	0	0	0	0	0	0	0	0	0	0	0	0											
NAXD			T>C/C	13	111291044	snv	hom	PASS	179.42				0			0	0	100		44	44	0,44	0						0		0	0	0	0	0	0	0	0	0	0	0	0	0	0	0	0	0											
ATP11A			G>G/T	13	113439586	snv	het	PASS	42.22				0			0	0	54.54		11	6	5,6	0						0		0	0	0	0	0	0	0	0	0	0	0	0	0	0	0	0	0											
ATP11A			A>A/G	13	113479820	snv	het	PASS	37.25				0			0	0	29.85		67	20	47,20	0						0		0	0	0	0	0	0	0	0	0	0	0	0	0	0	0	0	0											
ATP11A			T>T/C	13	113534907	snv	het	PASS	49.97				0			0	0	48.78		41	20	21,20	0						0		0	0	0	0	0	0	0	0	0	0	0	0	0	0	0	0	0											
ATP11A			C>C/G	13	113534984	snv	het	PASS	39.61				0			0	0	54.17		24	13	11,13	0						0		0	0	0	0	0	0	0	0	0	0	0	0	0	0	0	0	0											
ATP11A			T>T/C	13	113536132	snv	het	PASS	47.72				0			0	0	68.33		60	41	19,41	0						0		0	0	0	0	0	0	0	0	0	0	0	0	0	0	0	0	0											
ATP11A			T>C/C	13	113537267	snv	hom	PASS	65.19				0			0	0	100		6	6	0,6	0						0		0	0	0	0	0	0	0	0	0	0	0	0	0	0	0	0	0											
NUBPL			A>AT/AT	14	32142544	insertion	hom	PASS	88.9				0			0	0	80.43		46	37	9,37	0						0		0	0	0	0	0	0	0	0	0	0	0	0	0	0	0	0	0											
L2HGDH			C>T/T	14	50704331	snv	hom	PASS	230.13				0			0	0	100		61	61	0,61	0						0		0	0	0	0	0	0	0	0	0	0	0	0	0	0	0	0	0											
L2HGDH			G>G/A	14	50704435	snv	het	PASS	36.49				0			0	0	60		50	30	20,30	0						0		0	0	0	0	0	0	0	0	0	0	0	0	0	0	0	0	0											
L2HGDH			T>G/G	14	50713679	snv	hom	PASS	89.14				0			0	0	100		14	14	0,14	0						0		0	0	0	0	0	0	0	0	0	0	0	0	0	0	0	0	0											
L2HGDH			A>A/G	14	50750577	snv	het	PASS	36.51				0			0	0	30.55		72	22	50,22	0						0		0	0	0	0	0	0	0	0	0	0	0	0	0	0	0	0	0											
L2HGDH			G>G/A	14	50769717	snv	het	PASS	44.36				0			0	0	37.33		75	28	47,28	0						0		0	0	0	0	0	0	0	0	0	0	0	0	0	0	0	0	0											
L2HGDH,ATP5S			C>C/CT	14	50778268	insertion	het	PASS	50				0			0	0	51.28		39	20	19,20	0						0		0	0	0	0	0	0	0	0	0	0	0	0	0	0	0	0	0											
L2HGDH,ATP5S			A>A/C	14	50778816	snv	het	PASS	49.59				0			0	0	46.56		131	61	70,61	0						0		0	0	0	0	0	0	0	0	0	0	0	0	0	0	0	0	0											
ZFYVE26			A>G/G	14	68264867	snv	hom	PASS	227.58				0			0	0	100		60	60	0,60	0						0		0	0	0	0	0	0	0	0	0	0	0	0	0	0	0	0	0											
PSEN1			G>G/T	14	73664853	snv	het	PASS	44.94				0			0	0	38.16		76	29	47,29	0						0		0	0	0	0	0	0	0	0	0	0	0	0	0	0	0	0	0											
EIF2B2			G>G/C	14	75476071	snv	het	PASS	27.7				0			0	0	30.77		13	4	9,4	0						0		0	0	0	0	0	0	0	0	0	0	0	0	0	0	0	0	0											
GALC			C>T/T	14	88400353	snv	hom	PASS	169.48				0			0	0	100		41	41	0,41	0						0		0	0	0	0	0	0	0	0	0	0	0	0	0	0	0	0	0											
GALC			T>C/C	14	88401213	snv	hom	PASS	224.57				0			0	0	100		59	59	0,59	0						0		0	0	0	0	0	0	0	0	0	0	0	0	0	0	0	0	0											
GALC			G>C/C	14	88407734	snv	hom	PASS	115.56				0			0	0	100		23	23	0,23	0						0		0	0	0	0	0	0	0	0	0	0	0	0	0	0	0	0	0											
GALC			T>A/A	14	88407875	snv	hom	PASS	148.41				0			0	0	100		34	34	0,34	0						0		0	0	0	0	0	0	0	0	0	0	0	0	0	0	0	0	0											
GALC			A>G/G	14	88407888	snv	hom	PASS	142.85				0			0	0	100		32	32	0,32	0						0		0	0	0	0	0	0	0	0	0	0	0	0	0	0	0	0	0											
GALC			T>C/C	14	88411947	snv	hom	PASS	259.77				0			0	0	100		71	71	0,71	0						0		0	0	0	0	0	0	0	0	0	0	0	0	0	0	0	0	0											
GALC			G>A/A	14	88414211	snv	hom	PASS	223.65				0			0	0	100		59	59	0,59	0						0		0	0	0	0	0	0	0	0	0	0	0	0	0	0	0	0	0											
GALC			GA>G/G	14	88417095	deletion	hom	PASS	158.32				0			0	0	100		42	42	0,42	0						0		0	0	0	0	0	0	0	0	0	0	0	0	0	0	0	0	0											
GLRX5			A>C/C	14	96001383	snv	hom	PASS	68.14				0			0	0	100		7	7	0,7	0						0		0	0	0	0	0	0	0	0	0	0	0	0	0	0	0	0	0											
GLRX5			G>G/A	14	96010589	snv	het	PASS	50				0			0	0	75		12	9	3,9	0						0		0	0	0	0	0	0	0	0	0	0	0	0	0	0	0	0	0											
WARS			G>A/A	14	100808845	snv	hom	PASS	317.41				0			0	0	100		90	90	0,90	0						0		0	0	0	0	0	0	0	0	0	0	0	0	0	0	0	0	0											
WARS			T>C/C	14	100813077	snv	hom	PASS	304.91				0			0	0	100		86	86	0,86	0						0		0	0	0	0	0	0	0	0	0	0	0	0	0	0	0	0	0											
APOPT1			G>G/A	14	104029449	snv	het	PASS	50				0			0	0	55.07		69	38	31,38	0						0		0	0	0	0	0	0	0	0	0	0	0	0	0	0	0	0	0											
MTFMT			C>CA/CA	15	65295300	insertion	hom	PASS	15.18				0			0	0	71.43		7	5	2,5	0						0		0	0	0	0	0	0	0	0	0	0	0	0	0	0	0	0	0											
HEXA			T>C/C	15	72637795	snv	hom	PASS	542.68				0			0	0	100		165	165	0,165	0						0		0	0	0	0	0	0	0	0	0	0	0	0	0	0	0	0	0											
HEXA			T>C/C	15	72638892	snv	hom	PASS	236.61				0			0	0	100		63	63	0,63	0						0		0	0	0	0	0	0	0	0	0	0	0	0	0	0	0	0	0											
POLG			T>T/TTGC	15	89876827	insertion	het	PASS	50.37				0			0	0	43.48		92	40	52,40	0						0		0	0	0	0	0	0	0	0	0	0	0	0	0	0	0	0	0											
IDH2			T>T/C	15	90627429	snv	het	PASS	49.14				0			0	0	44.83		58	26	32,26	0						0		0	0	0	0	0	0	0	0	0	0	0	0	0	0	0	0	0											
IDH2			G>G/A	15	90628591	snv	het	PASS	49.09				0			0	0	44.9		147	66	81,66	0						0		0	0	0	0	0	0	0	0	0	0	0	0	0	0	0	0	0											
POLR3K			A>A/G	16	97354	snv	het	PASS	48.63				0			0	0	72		25	18	7,18	0						0		0	0	0	0	0	0	0	0	0	0	0	0	0	0	0	0	0											
POLR3K			A>C/C	16	103517	snv	hom	PASS	305.37				0			0	0	100		86	86	0,86	0						0		0	0	0	0	0	0	0	0	0	0	0	0	0	0	0	0	0											
ABCC6			T>C/C	16	16271357	snv	hom	PASS	444.28				0			0	0	100		132	132	0,132	0						0		0	0	0	0	0	0	0	0	0	0	0	0	0	0	0	0	0											
ABCC6			T>C/C	16	16272670	snv	hom	PASS	287.77				0			0	0	100		80	80	0,80	0						0		0	0	0	0	0	0	0	0	0	0	0	0	0	0	0	0	0											
ABCC6			G>G/C	16	16291858	snv	het	PASS	40.43				0			0	0	45.26		95	43	52,43	0						0		0	0	0	0	0	0	0	0	0	0	0	0	0	0	0	0	0											
ABCC6			G>G/C	16	16291871	snv	het	PASS	49.96				0			0	0	49.09		110	54	56,54	0						0		0	0	0	0	0	0	0	0	0	0	0	0	0	0	0	0	0											
EARS2			A>C/C	16	23535680	snv	hom	PASS	272.72				0			0	0	100		75	75	0,75	0						0		0	0	0	0	0	0	0	0	0	0	0	0	0	0	0	0	0											
EARS2			T>C/C	16	23536684	snv	hom	PASS	191.47				0			0	0	100		48	48	0,48	0						0		0	0	0	0	0	0	0	0	0	0	0	0	0	0	0	0	0											
EARS2			G>A/A	16	23541223	snv	hom	PASS	217.3				0			0	0	100		58	58	0,58	0						0		0	0	0	0	0	0	0	0	0	0	0	0	0	0	0	0	0											
EARS2			G>C/C	16	23546561	snv	hom	PASS	365.57				0			0	0	100		106	106	0,106	0						0		0	0	0	0	0	0	0	0	0	0	0	0	0	0	0	0	0											
EARS2			C>T/T	16	23563501	snv	hom	PASS	323.41				0			0	0	100		92	92	0,92	0						0		0	0	0	0	0	0	0	0	0	0	0	0	0	0	0	0	0											
TUFM			C>C/T	16	28856819	snv	het	PASS	46.71				0			0	0	40.25		159	64	95,64	0						0		0	0	0	0	0	0	0	0	0	0	0	0	0	0	0	0	0											
AARS			T>T/A	16	70286631	snv	het	PASS	48.56				0			0	0	43.59		117	51	66,51	0						0		0	0	0	0	0	0	0	0	0	0	0	0	0	0	0	0	0											
FA2H			G>A/A	16	74750405	snv	hom	PASS	341.02				0			0	0	100		98	98	0,98	0						0		0	0	0	0	0	0	0	0	0	0	0	0	0	0	0	0	0											
FA2H			G>A/A	16	74808425	snv	hom	PASS	95.15				0			0	0	100		16	16	0,16	0						0		0	0	0	0	0	0	0	0	0	0	0	0	0	0	0	0	0											
KARS			TA>TA/T	16	75674252	deletion	het	PASS	47.83				0			0	0	43.81		105	46	59,46	0						0		0	0	0	0	0	0	0	0	0	0	0	0	0	0	0	0	0											
PAFAH1B1			C>C/T	17	2585113	snv	het	PASS	49.5				0			0	0	56.6		53	30	23,30	0						0		0	0	0	0	0	0	0	0	0	0	0	0	0	0	0	0	0											
SPATA22,ASPA			C>C/T	17	3397702	snv	het	PASS	43.48				0			0	0	36.76		68	25	43,25	0						0		0	0	0	0	0	0	0	0	0	0	0	0	0	0	0	0	0											
CTC1			T>C/C	17	8132763	snv	hom	PASS	269.71				0			0	0	100		74	74	0,74	0						0		0	0	0	0	0	0	0	0	0	0	0	0	0	0	0	0	0											
CTC1			T>C/C	17	8135061	snv	hom	PASS	359.55				0			0	0	100		104	104	0,104	0						0		0	0	0	0	0	0	0	0	0	0	0	0	0	0	0	0	0											
CTC1			T>C/C	17	8141707	snv	hom	PASS	164.37				0			0	0	100		39	39	0,39	0						0		0	0	0	0	0	0	0	0	0	0	0	0	0	0	0	0	0											
COX10			G>A/A	17	13972811	snv	hom	PASS	76.7				0			0	0	100		11	11	0,11	0						0		0	0	0	0	0	0	0	0	0	0	0	0	0	0	0	0	0											
COX10			G>A/A	17	13980350	snv	hom	PASS	143.31				0			0	0	100		32	32	0,32	0						0		0	0	0	0	0	0	0	0	0	0	0	0	0	0	0	0	0											
COX10			G>A/A	17	14005439	snv	hom	PASS	395.67				0			0	0	100		116	116	0,116	0						0		0	0	0	0	0	0	0	0	0	0	0	0	0	0	0	0	0											
COX10			A>G/G	17	14095309	snv	hom	PASS	330.01				0			0	0	100		95	95	0,95	0						0		0	0	0	0	0	0	0	0	0	0	0	0	0	0	0	0	0											
ALDH3A2			A>A/T	17	19578873	snv	het	PASS	29.41				0			0	0	25.93		81	21	60,21	0						0		0	0	0	0	0	0	0	0	0	0	0	0	0	0	0	0	0											
NF1			G>A/A	17	29508775	snv	hom	PASS	215.06				0			0	0	100		56	56	0,56	0						0		0	0	0	0	0	0	0	0	0	0	0	0	0	0	0	0	0											
NF1			A>A/AT	17	29508819	insertion	het	DRAGENIndelHardQUAL	3.96				0			0	0	40.91		22	9	13,9	0						0		0	0	0	0	0	0	0	0	0	0	0	0	0	0	0	0	0											
NF1,EVI2A			G>A/A	17	29646032	snv	hom	PASS	110.2				0			0	0	100		21	21	0,21	0						0		0	0	0	0	0	0	0	0	0	0	0	0	0	0	0	0	0											
NF1			T>A/A	17	29654876	snv	hom	PASS	124.3				0			0	0	100		26	26	0,26	0						0		0	0	0	0	0	0	0	0	0	0	0	0	0	0	0	0	0											
CCT6B,LIG3			G>G/A	17	33307586	snv	het	PASS	48.09				0			0	0	42.61		115	49	66,49	0						0		0	0	0	0	0	0	0	0	0	0	0	0	0	0	0	0	0											
LIG3			C>C/T	17	33328284	snv	het	PASS	50				0			0	0	51.78		56	29	27,29	0						0		0	0	0	0	0	0	0	0	0	0	0	0	0	0	0	0	0											
LIG3			A>C/C	17	33330150	snv	hom	PASS	137.93				0			0	0	100		35	35	0,35	0						0		0	0	0	0	0	0	0	0	0	0	0	0	0	0	0	0	0											
LIG3			C>C/T	17	33331575	snv	het	PASS	32.79				0			0	0	64		25	16	9,16	0						0		0	0	0	0	0	0	0	0	0	0	0	0	0	0	0	0	0											
PEX12			G>G/T	17	33902635	snv	het	DRAGENSnpHardQUAL	5.21				0			0	0	15.38		13	2	11,2	0						0		0	0	0	0	0	0	0	0	0	0	0	0	0	0	0	0	0											
CNTNAP1			G>C/C	17	40834631	snv	hom	PASS	78.52				0			0	0	100		11	11	0,11	0						0		0	0	0	0	0	0	0	0	0	0	0	0	0	0	0	0	0											
CNTNAP1			A>AT/AT	17	40835819	insertion	hom	PASS	185.45				0			0	0	100		46	46	0,46	0						0		0	0	0	0	0	0	0	0	0	0	0	0	0	0	0	0	0											
CNTNAP1			A>C/C	17	40835922	snv	hom	PASS	271.8				0			0	0	100		75	75	0,75	0						0		0	0	0	0	0	0	0	0	0	0	0	0	0	0	0	0	0											
CNTNAP1			C>C/A	17	40842762	snv	het	PASS	50				0			0	0	50		36	18	18,18	0						0		0	0	0	0	0	0	0	0	0	0	0	0	0	0	0	0	0											
CNTNAP1			G>G/T	17	40843392	snv	het	PASS	50				0			0	0	51.22		82	42	40,42	0						0		0	0	0	0	0	0	0	0	0	0	0	0	0	0	0	0	0											
GRN			T>T/C	17	42427630	snv	het	PASS	46.94				0			0	0	40.61		165	67	98,67	0						0		0	0	0	0	0	0	0	0	0	0	0	0	0	0	0	0	0											
GRN			C>C/T	17	42430244	snv	het	PASS	50				0			0	0	53.22		62	33	29,33	0						0		0	0	0	0	0	0	0	0	0	0	0	0	0	0	0	0	0											
MAPT			A>A/G	17	44039691	snv	het	PASS	42.71				0			0	0	35.53		76	27	49,27	0						0		0	0	0	0	0	0	0	0	0	0	0	0	0	0	0	0	0											
MAPT			C>C/T	17	44049329	snv	het	PASS	49.58				0			0	0	46.38		138	64	74,64	0						0		0	0	0	0	0	0	0	0	0	0	0	0	0	0	0	0	0											
MAPT			A>A/G	17	44051846	snv	het	PASS	47.77				0			0	0	42.04		88	37	51,37	0						0		0	0	0	0	0	0	0	0	0	0	0	0	0	0	0	0	0											
MAPT			C>C/T	17	44060775	snv	het	PASS	50				0			0	0	58.7		46	27	19,27	0						0		0	0	0	0	0	0	0	0	0	0	0	0	0	0	0	0	0											
MAPT			G>G/A	17	44061023	snv	het	PASS	49.96				0			0	0	49.03		155	76	79,76	0						0		0	0	0	0	0	0	0	0	0	0	0	0	0	0	0	0	0											
MAPT			T>T/C	17	44061036	snv	het	PASS	48.74				0			0	0	43.98		191	84	107,84	0						0		0	0	0	0	0	0	0	0	0	0	0	0	0	0	0	0	0											
MAPT			C>C/T	17	44061278	snv	het	PASS	49.15				0			0	0	43.48		23	10	13,10	0						0		0	0	0	0	0	0	0	0	0	0	0	0	0	0	0	0	0											
MAPT			T>T/C	17	44067400	snv	het	PASS	49.04				0			0	0	44.74		114	51	63,51	0						0		0	0	0	0	0	0	0	0	0	0	0	0	0	0	0	0	0											
MAPT			G>G/A	17	44068924	snv	het	PASS	50				0			0	0	52.44		164	86	78,86	0						0		0	0	0	0	0	0	0	0	0	0	0	0	0	0	0	0	0											
MAPT			T>T/C	17	44071294	snv	het	PASS	47.43				0			0	0	41.25		80	33	47,33	0						0		0	0	0	0	0	0	0	0	0	0	0	0	0	0	0	0	0											
MAPT			A>A/G	17	44073889	snv	het	PASS	44.5				0			0	0	37.44		211	79	132,79	0						0		0	0	0	0	0	0	0	0	0	0	0	0	0	0	0	0	0											
MAPT			T>T/C	17	44073973	snv	het	PASS	49.7				0			0	0	46.9		145	68	77,68	0						0		0	0	0	0	0	0	0	0	0	0	0	0	0	0	0	0	0											
MAPT,STH			A>A/G	17	44076665	snv	het	PASS	49.18				0			0	0	59.65		57	34	23,34	0						0		0	0	0	0	0	0	0	0	0	0	0	0	0	0	0	0	0											
MAPT,STH			T>C/C	17	44077044	snv	hom	PASS	101.06				0			0	0	100		19	19	0,19	0						0		0	0	0	0	0	0	0	0	0	0	0	0	0	0	0	0	0											
MAPT			T>T/C	17	44101563	snv	het	PASS	49.79				0			0	0	47.57		103	49	54,49	0						0		0	0	0	0	0	0	0	0	0	0	0	0	0	0	0	0	0											
MAPT			A>A/AT	17	44101775	insertion	het	PASS	51.13				0			0	0	85.71		7	6	1,6	0						0		0	0	0	0	0	0	0	0	0	0	0	0	0	0	0	0	0											
MAPT			T>T/TC	17	44101849	insertion	het	PASS	50.08				0			0	0	83.33		6	5	1,5	0						0		0	0	0	0	0	0	0	0	0	0	0	0	0	0	0	0	0											
ACOX1			G>C/C	17	73949540	snv	hom	PASS	251.2				0			0	0	100		68	68	0,68	0						0		0	0	0	0	0	0	0	0	0	0	0	0	0	0	0	0	0											
RNF213			C>C/T	17	78272294	snv	het	PASS	49.97				0			0	0	49.02		102	50	52,50	0						0		0	0	0	0	0	0	0	0	0	0	0	0	0	0	0	0	0											
RNF213			G>G/A	17	78298926	snv	het	PASS	50				0			0	0	50.6		83	42	41,42	0						0		0	0	0	0	0	0	0	0	0	0	0	0	0	0	0	0	0											
RNF213			A>G/G	17	78298938	snv	hom	PASS	233.14				0			0	0	100		62	62	0,62	0						0		0	0	0	0	0	0	0	0	0	0	0	0	0	0	0	0	0											
RNF213			C>A/A	17	78302157	snv	hom	PASS	107.19				0			0	0	100		20	20	0,20	0						0		0	0	0	0	0	0	0	0	0	0	0	0	0	0	0	0	0											
RNF213			G>A/A	17	78305871	snv	hom	PASS	335.93				0			0	0	100		96	96	0,96	0						0		0	0	0	0	0	0	0	0	0	0	0	0	0	0	0	0	0											
RNF213			A>G/G	17	78306280	snv	hom	PASS	371.12				0			0	0	100		108	108	0,108	0						0		0	0	0	0	0	0	0	0	0	0	0	0	0	0	0	0	0											
RNF213			C>G/G	17	78306308	snv	hom	PASS	288.18				0			0	0	100		83	83	0,83	0						0		0	0	0	0	0	0	0	0	0	0	0	0	0	0	0	0	0											
RNF213			G>A/A	17	78311508	snv	hom	PASS	158.36				0			0	0	100		37	37	0,37	0						0		0	0	0	0	0	0	0	0	0	0	0	0	0	0	0	0	0											
RNF213			G>A/A	17	78319136	snv	hom	PASS	197.48				0			0	0	100		50	50	0,50	0						0		0	0	0	0	0	0	0	0	0	0	0	0	0	0	0	0	0											
RNF213			G>C/C	17	78319380	snv	hom	PASS	350.52				0			0	0	100		101	101	0,101	0						0		0	0	0	0	0	0	0	0	0	0	0	0	0	0	0	0	0											
RNF213			G>A/A	17	78327358	snv	hom	PASS	605.88				0			0	0	100		186	186	0,186	0						0		0	0	0	0	0	0	0	0	0	0	0	0	0	0	0	0	0											
RNF213			G>G/A	17	78335610	snv	het	PASS	49.14				0			0	0	45.13		113	51	62,51	0						0		0	0	0	0	0	0	0	0	0	0	0	0	0	0	0	0	0											
RNF213			G>G/C	17	78337058	snv	het	PASS	48.11				0			0	0	42.73		234	100	134,100	0						0		0	0	0	0	0	0	0	0	0	0	0	0	0	0	0	0	0											
RNF213			A>A/G	17	78337584	snv	het	PASS	41.31				0			0	0	34.31		102	35	67,35	0						0		0	0	0	0	0	0	0	0	0	0	0	0	0	0	0	0	0											
RNF213			G>G/A	17	78346548	snv	het	PASS	47.81				0			0	0	41.86		43	18	25,18	0						0		0	0	0	0	0	0	0	0	0	0	0	0	0	0	0	0	0											
RNF213			G>G/A	17	78346830	snv	het	PASS	45.21				0			0	0	38.25		149	57	92,57	0						0		0	0	0	0	0	0	0	0	0	0	0	0	0	0	0	0	0											
RNF213			C>C/A	17	78346870	snv	het	PASS	50				0			0	0	62.13		103	64	39,64	0						0		0	0	0	0	0	0	0	0	0	0	0	0	0	0	0	0	0											
RNF213			T>T/C	17	78350088	snv	het	PASS	50				0			0	0	53.73		67	36	31,36	0						0		0	0	0	0	0	0	0	0	0	0	0	0	0	0	0	0	0											
RNF213			T>T/C	17	78350783	snv	het	PASS	49.51				0			0	0	46.15		130	60	70,60	0						0		0	0	0	0	0	0	0	0	0	0	0	0	0	0	0	0	0											
RNF213			C>T/T	17	78354661	snv	hom	PASS	494.06				0			0	0	100		149	149	0,149	0						0		0	0	0	0	0	0	0	0	0	0	0	0	0	0	0	0	0											
RNF213			C>C/G	17	78355494	snv	het	PASS	49.79				0			0	0	47.52		101	48	53,48	0						0		0	0	0	0	0	0	0	0	0	0	0	0	0	0	0	0	0											
RNF213			G>G/A	17	78363054	snv	het	PASS	50				0			0	0	52.94		85	45	40,45	0						0		0	0	0	0	0	0	0	0	0	0	0	0	0	0	0	0	0											
RNF213			G>G/A	17	78363847	snv	het	PASS	49.8				0			0	0	47.44		137	65	72,65	0						0		0	0	0	0	0	0	0	0	0	0	0	0	0	0	0	0	0											
NDUFV2			T>C/C	18	9117867	snv	hom	PASS	224.1				0			0	0	100		59	59	0,59	0						0		0	0	0	0	0	0	0	0	0	0	0	0	0	0	0	0	0											
NDUFV2			A>A/T	18	9119489	snv	het	PASS	48.24				0			0	0	42.71		96	41	55,41	0						0		0	0	0	0	0	0	0	0	0	0	0	0	0	0	0	0	0											
NDUFV2,NDUFV2-AS1			C>C/G	18	9134354	snv	het	PASS	47.22				0			0	0	51.11		45	23	22,23	0						0		0	0	0	0	0	0	0	0	0	0	0	0	0	0	0	0	0											
C18ORF8,NPC1			C>C/T	18	21100240	snv	het	PASS	42.75				0			0	0	35.66		129	46	83,46	0						0		0	0	0	0	0	0	0	0	0	0	0	0	0	0	0	0	0											
C18ORF8,NPC1			T>C/C	18	21109250	snv	hom	PASS	152.34				0			0	0	100		35	35	0,35	0						0		0	0	0	0	0	0	0	0	0	0	0	0	0	0	0	0	0											
C18ORF8,NPC1			T>C/C	18	21109269	snv	hom	PASS	152.34				0			0	0	100		35	35	0,35	0						0		0	0	0	0	0	0	0	0	0	0	0	0	0	0	0	0	0											
C18ORF8,NPC1			T>T/C	18	21113285	snv	het	PASS	50				0			0	0	52.31		65	34	31,34	0						0		0	0	0	0	0	0	0	0	0	0	0	0	0	0	0	0	0											
NPC1			G>G/A	18	21119777	snv	het	PASS	46.54				0			0	0	40.4		99	40	59,40	0						0		0	0	0	0	0	0	0	0	0	0	0	0	0	0	0	0	0											
NPC1			T>T/C	18	21120444	snv	het	PASS	49.94				0			0	0	48.72		117	57	60,57	0						0		0	0	0	0	0	0	0	0	0	0	0	0	0	0	0	0	0											
NPC1			TA>T/T	18	21123536	deletion	hom	PASS	89.77				0			0	0	79.66		59	47	12,47	0						0		0	0	0	0	0	0	0	0	0	0	0	0	0	0	0	0	0											
NPC1			A>AC/AC	18	21124907	insertion	hom	PASS	55.83				0			0	0	80.64		31	25	6,25	0						0		0	0	0	0	0	0	0	0	0	0	0	0	0	0	0	0	0											
NPC1			C>G/G	18	21124945	snv	hom	PASS	147.01				0			0	0	100		34	34	0,34	0						0		0	0	0	0	0	0	0	0	0	0	0	0	0	0	0	0	0											
NPC1			T>T/C	18	21140432	snv	het	PASS	44.89				0			0	0	37.93		58	22	36,22	0						0		0	0	0	0	0	0	0	0	0	0	0	0	0	0	0	0	0											
NPC1			A>A/G	18	21148863	snv	het	PASS	49.97				0			0	0	49.15		59	29	30,29	0						0		0	0	0	0	0	0	0	0	0	0	0	0	0	0	0	0	0											
TTR			G>G/C	18	29178513	snv	het	PASS	36.16				0			0	0	30.43		184	56	128,56	0						0		0	0	0	0	0	0	0	0	0	0	0	0	0	0	0	0	0											
NDUFS7,TRN-GTT2-6			G>G/T	19	1383649	snv	het	PASS	49.92				0			0	0	48.45		161	78	83,78	0						0		0	0	0	0	0	0	0	0	0	0	0	0	0	0	0	0	0											
NDUFS7			C>C/T	19	1388538	snv	het	PASS	49.99				0			0	0	49.58		119	59	60,59	0						0		0	0	0	0	0	0	0	0	0	0	0	0	0	0	0	0	0											
TUBB4A			C>G/G	19	6495064	snv	hom	PASS	84.37				0			0	0	100		14	14	0,14	0						0		0	0	0	0	0	0	0	0	0	0	0	0	0	0	0	0	0											
TUBB4A			C>C/T	19	6495223	snv	het	PASS	48.64				0			0	0	49.66		149	74	75,74	0						0		0	0	0	0	0	0	0	0	0	0	0	0	0	0	0	0	0											
TUBB4A			A>G/G	19	6495736	snv	hom	PASS	661.16				0			0	0	100		205	205	0,205	0						0		0	0	0	0	0	0	0	0	0	0	0	0	0	0	0	0	0											
MCOLN1			C>C/T	19	7593589	snv	het	PASS	49.75				0			0	0	47.32		205	97	108,97	0						0		0	0	0	0	0	0	0	0	0	0	0	0	0	0	0	0	0											
RAB11B			T>T/C	19	8467361	snv	het	PASS	49.52				0			0	0	46.3		108	50	58,50	0						0		0	0	0	0	0	0	0	0	0	0	0	0	0	0	0	0	0											
MAN2B1			C>C/G	19	12758105	snv	het	PASS	49.44				0			0	0	46.08		102	47	55,47	0						0		0	0	0	0	0	0	0	0	0	0	0	0	0	0	0	0	0											
MAN2B1			C>T/T	19	12772090	snv	hom	PASS	428.76				0			0	0	100		127	127	0,127	0						0		0	0	0	0	0	0	0	0	0	0	0	0	0	0	0	0	0											
MAN2B1			G>A/A	19	12772165	snv	hom	PASS	363.7				0			0	0	100		106	106	0,106	0						0		0	0	0	0	0	0	0	0	0	0	0	0	0	0	0	0	0											
MAN2B1			G>G/C	19	12774208	snv	het	PASS	48.63				0			0	0	43.75		96	42	54,42	0						0		0	0	0	0	0	0	0	0	0	0	0	0	0	0	0	0	0											
NOTCH3			G>A/A	19	15271771	snv	hom	PASS	121.78				0			0	0	100		25	25	0,25	0						0		0	0	0	0	0	0	0	0	0	0	0	0	0	0	0	0	0											
NOTCH3			C>C/T	19	15272001	snv	het	PASS	49.21				0			0	0	45.24		42	19	23,19	0						0		0	0	0	0	0	0	0	0	0	0	0	0	0	0	0	0	0											
NOTCH3			A>G/G	19	15273381	snv	hom	PASS	387.09				0			0	0	100		113	113	0,113	0						0		0	0	0	0	0	0	0	0	0	0	0	0	0	0	0	0	0											
NOTCH3			A>A/G	19	15276739	snv	het	PASS	50				0			0	0	51.06		141	72	69,72	0						0		0	0	0	0	0	0	0	0	0	0	0	0	0	0	0	0	0											
NOTCH3			A>G/G	19	15278057	snv	hom	PASS	220.65				0			0	0	100		58	58	0,58	0						0		0	0	0	0	0	0	0	0	0	0	0	0	0	0	0	0	0											
NOTCH3			T>C/C	19	15285052	snv	hom	PASS	280.82				0			0	0	100		78	78	0,78	0						0		0	0	0	0	0	0	0	0	0	0	0	0	0	0	0	0	0											
NOTCH3			C>C/T	19	15290007	snv	het	PASS	49.91				0			0	0	48.57		140	68	72,68	0						0		0	0	0	0	0	0	0	0	0	0	0	0	0	0	0	0	0											
NOTCH3			C>C/G	19	15291576	snv	het	PASS	50				0			0	0	50		116	58	58,58	0						0		0	0	0	0	0	0	0	0	0	0	0	0	0	0	0	0	0											
NOTCH3			T>T/C	19	15292437	snv	het	PASS	50				0			0	0	59.52		126	75	51,75	0						0		0	0	0	0	0	0	0	0	0	0	0	0	0	0	0	0	0											
NOTCH3			G>G/A	19	15295134	snv	het	PASS	49.86				0			0	0	47.82		115	55	60,55	0						0		0	0	0	0	0	0	0	0	0	0	0	0	0	0	0	0	0											
NOTCH3			T>C/C	19	15300069	snv	hom	PASS	452.84				0			0	0	100		135	135	0,135	0						0		0	0	0	0	0	0	0	0	0	0	0	0	0	0	0	0	0											
NOTCH3			T>C/C	19	15302844	snv	hom	PASS	422.74				0			0	0	100		125	125	0,125	0						0		0	0	0	0	0	0	0	0	0	0	0	0	0	0	0	0	0											
NOTCH3			C>C/G	19	15308314	snv	het	PASS	49.9				0			0	0	48.27		116	56	60,56	0						0		0	0	0	0	0	0	0	0	0	0	0	0	0	0	0	0	0											
COLGALT1			T>G/G	19	17692324	snv	hom	PASS	152.34				0			0	0	100		35	35	0,35	0						0		0	0	0	0	0	0	0	0	0	0	0	0	0	0	0	0	0											
SDHAF1			G>C/C	19	36486445	snv	hom	PASS	169.02				0			0	0	100		41	41	0,41	0						0		0	0	0	0	0	0	0	0	0	0	0	0	0	0	0	0	0											
CIC			C>C/T	19	42799049	snv	het	PASS	49.84				0			0	0	47.88		165	79	86,79	0						0		0	0	0	0	0	0	0	0	0	0	0	0	0	0	0	0	0											
PRNP			A>A/G	20	4680251	snv	het	PASS	50				0			0	0	54.73		243	133	110,133	0						0		0	0	0	0	0	0	0	0	0	0	0	0	0	0	0	0	0											
JAG1			G>G/A	20	10620275	snv	het	PASS	50				0			0	0	50.96		104	53	51,53	0						0		0	0	0	0	0	0	0	0	0	0	0	0	0	0	0	0	0											
JAG1			A>A/G	20	10620386	snv	het	PASS	49.96				0			0	0	49.06		106	52	54,52	0						0		0	0	0	0	0	0	0	0	0	0	0	0	0	0	0	0	0											
JAG1			G>A/A	20	10633237	snv	hom	PASS	314.87				0			0	0	100		89	89	0,89	0						0		0	0	0	0	0	0	0	0	0	0	0	0	0	0	0	0	0											
JAG1			A>G/G	20	10639385	snv	hom	PASS	164.38				0			0	0	100		39	39	0,39	0						0		0	0	0	0	0	0	0	0	0	0	0	0	0	0	0	0	0											
CST3			T>C/C	20	23618395	snv	hom	PASS	191.47				0			0	0	100		48	48	0,48	0						0		0	0	0	0	0	0	0	0	0	0	0	0	0	0	0	0	0											
NEURL2,CTSA			G>G/A	20	44519643	snv	het	PASS	50				0			0	0	50		16	8	8,8	0						0		0	0	0	0	0	0	0	0	0	0	0	0	0	0	0	0	0											
NEURL2,CTSA			G>G/A	20	44519742	snv	het	PASS	50				0			0	0	50		8	4	4,4	0						0		0	0	0	0	0	0	0	0	0	0	0	0	0	0	0	0	0											
CTSA			CCTG>C/C	20	44520237	deletion	hom	PASS	337.18				0			0	0	100		104	104	0,104	0						0		0	0	0	0	0	0	0	0	0	0	0	0	0	0	0	0	0											
CTSA			TC>TC/T	20	44523442	deletion	het	PASS	50				0			0	0	49.7		165	82	83,82	0						0		0	0	0	0	0	0	0	0	0	0	0	0	0	0	0	0	0											
CTSA			G>A/A	20	44523547	snv	hom	PASS	530.64				0			0	0	100		161	161	0,161	0						0		0	0	0	0	0	0	0	0	0	0	0	0	0	0	0	0	0											
CTSA			C>T/T	20	44523782	snv	hom	PASS	263.23				0			0	0	100		72	72	0,72	0						0		0	0	0	0	0	0	0	0	0	0	0	0	0	0	0	0	0											
SLC13A3			C>C/G	20	45194904	snv	het	PASS	45				0			0	0	38		100	38	62,38	0						0		0	0	0	0	0	0	0	0	0	0	0	0	0	0	0	0	0											
SLC13A3			T>T/G	20	45212455	snv	het	PASS	46				0			0	0	38.46		13	5	8,5	0						0		0	0	0	0	0	0	0	0	0	0	0	0	0	0	0	0	0											
SLC2A10			T>T/G	20	45358145	snv	het	PASS	44.4				0			0	0	37.21		129	48	81,48	0						0		0	0	0	0	0	0	0	0	0	0	0	0	0	0	0	0	0											
CBS			G>G/A	21	44480591	snv	het	PASS	50				0			0	0	53.89		167	90	77,90	0						0		0	0	0	0	0	0	0	0	0	0	0	0	0	0	0	0	0											
CBS			G>G/A	21	44480616	snv	het	PASS	50				0			0	0	54.97		151	83	68,83	0						0		0	0	0	0	0	0	0	0	0	0	0	0	0	0	0	0	0											
CBS			G>G/A	21	44485350	snv	het	PASS	50				0			0	0	53.33		195	104	91,104	0						0		0	0	0	0	0	0	0	0	0	0	0	0	0	0	0	0	0											
CECR1			T>C/C	22	17669306	snv	hom	PASS	203.5				0			0	0	100		52	52	0,52	0						0		0	0	0	0	0	0	0	0	0	0	0	0	0	0	0	0	0											
CECR1			A>C/C	22	17680519	snv	hom	PASS	259.76				0			0	0	100		71	71	0,71	0						0		0	0	0	0	0	0	0	0	0	0	0	0	0	0	0	0	0											
CECR1			G>A/A	22	17690409	snv	hom	PASS	808.45				0			0	0	100		253	253	0,253	0						0		0	0	0	0	0	0	0	0	0	0	0	0	0	0	0	0	0											
PEX26			G>A/A	22	18571008	snv	hom	PASS	239.15				0			0	0	100		64	64	0,64	0						0		0	0	0	0	0	0	0	0	0	0	0	0	0	0	0	0	0											
SOX10			A>A/G	22	38369976	snv	het	PASS	49.98				0			0	0	49.1		167	82	85,82	0						0		0	0	0	0	0	0	0	0	0	0	0	0	0	0	0	0	0											
SCO2			T>T/G	22	50962208	snv	het	PASS	48.38				0			0	0	43.14		255	110	145,110	0						0		0	0	0	0	0	0	0	0	0	0	0	0	0	0	0	0	0											
SCO2			C>C/G	22	50962782	snv	het	PASS	49.93				0			0	0	48.55		138	67	71,67	0						0		0	0	0	0	0	0	0	0	0	0	0	0	0	0	0	0	0											
SCO2,TYMP			G>G/A	22	50964862	snv	het	PASS	50				0			0	0	53.85		13	7	6,7	0						0		0	0	0	0	0	0	0	0	0	0	0	0	0	0	0	0	0											
ARSA			G>G/C	22	51063987	snv	het	PASS	50				0			0	0	61.18		85	52	33,52	0						0		0	0	0	0	0	0	0	0	0	0	0	0	0	0	0	0	0											
SLC16A2			T>/C	X	73641569	snv	hem	PASS	170.39				0			0	0	100		42	42	0,42	0						0		0	0	0	0	0	0	0	0	0	0	0	0	0	0	0	0	0											
ATP7A			G>/A	X	77298857	snv	hem	PASS	146.31				0			0	0	100		32	32	0,32	0						0		0	0	0	0	0	0	0	0	0	0	0	0	0	0	0	0	0											
ABCD1			G>/C	X	153009197	snv	hem	PASS	151.13				0			0	0	100		34	34	0,34	0						0		0	0	0	0	0	0	0	0	0	0	0	0	0	0	0	0	0											
